"","Height","Weight","CH","Region","CH_age","Background","sex","Body_Ratio"
"1",166,62,1,"OCEANIA",23,"West","Female",0.373493975903614
"2",186,72,1,"EUROPE",25,"West","Female",0.387096774193548
"3",180,69,1,"ASIA",21,"East","Female",0.383333333333333
"4",168,60,1,"EUROPE",26,"West","Female",0.357142857142857
"6",174,60,3,"EUROPE",23,"West","Female",0.344827586206897
"7",182,70,2,"EUROPE",21,"West","Female",0.384615384615385
"8",175,63,7,"EUROPE",18,"West","Female",0.36
"9",182,74,4,"EUROPE",27,"West","Female",0.406593406593407
"10",175,70,1,"NORTHERN_AMERICA",20,"West","Female",0.4
"12",180,70,4,"EUROPE",26,"West","Female",0.388888888888889
"13",178,66,7,"NORTHERN_AMERICA",21,"West","Female",0.370786516853933
"15",181,63,15,"EUROPE",28,"West","Female",0.348066298342541
"16",172,59,14,"EUROPE",20,"West","Female",0.343023255813953
"17",179,67,12,"EUROPE",23,"West","Female",0.374301675977654
"18",175,66,18,"NORTHERN_AMERICA",29,"West","Female",0.377142857142857
"19",179,64,19,"EUROPE",23,"West","Female",0.357541899441341
"20",173,68,1,"EUROPE",28,"West","Female",0.393063583815029
"23",172,62,22,"EUROPE",24,"West","Female",0.36046511627907
"25",170,61,3,"NORTHERN_AMERICA",25,"West","Female",0.358823529411765
"26",174,65,14,"EUROPE",23,"West","Female",0.373563218390805
"27",169,65,11,"EUROPE",28,"West","Female",0.384615384615385
"28",180,70,9,"EUROPE",29,"West","Female",0.388888888888889
"29",172,60,12,"ASIA",27,"East","Female",0.348837209302326
"30",177,72,13,"EUROPE",20,"West","Female",0.406779661016949
"31",178,64,23,"NORTHERN_AMERICA",25,"West","Female",0.359550561797753
"33",164,60,16,"EUROPE",30,"West","Female",0.365853658536585
"34",163,59,27,"ASIA",22,"East","Female",0.361963190184049
"36",182,73,1,"EUROPE",23,"West","Female",0.401098901098901
"38",177,63,1,"EUROPE",20,"West","Female",0.355932203389831
"39",170,62,36,"ASIA",25,"East","Female",0.364705882352941
"40",184,60,10,"EUROPE",24,"West","Female",0.326086956521739
"42",171,59,41,"EUROPE",27,"West","Female",0.345029239766082
"44",177,68,5,"EUROPE",20,"West","Female",0.384180790960452
"45",177,61,4,"EUROPE",24,"West","Female",0.344632768361582
"46",177,65,23,"ASIA",27,"East","Female",0.367231638418079
"47",173,63,37,"EUROPE",24,"West","Female",0.364161849710983
"49",185,70,35,"EUROPE",20,"West","Female",0.378378378378378
"50",183,70,1,"EUROPE",22,"West","Female",0.382513661202186
"51",180,67,39,"OCEANIA",25,"West","Female",0.372222222222222
"53",185,72,1,"NORTHERN_AMERICA",21,"West","Female",0.389189189189189
"54",174,73,2,"EUROPE",22,"West","Female",0.419540229885057
"55",162,62,6,"EUROPE",27,"West","Female",0.382716049382716
"56",178,68,56,"NORTHERN_AMERICA",24,"West","Female",0.382022471910112
"57",180,61,53,"EUROPE",21,"West","Female",0.338888888888889
"58",174,69,31,"EUROPE",22,"West","Female",0.396551724137931
"59",179,70,59,"EUROPE",21,"West","Female",0.391061452513966
"60",173,63,11,"EUROPE",19,"West","Female",0.364161849710983
"62",157,55,26,"NORTHERN_AMERICA",23,"West","Female",0.35031847133758
"63",170,56,61,"EUROPE",22,"West","Female",0.329411764705882
"66",184,73,35,"EUROPE",25,"West","Female",0.396739130434783
"67",174,60,30,"EUROPE",24,"West","Female",0.344827586206897
"69",170,62,10,"EUROPE",21,"West","Female",0.364705882352941
"70",174,67,23,"EUROPE",29,"West","Female",0.385057471264368
"71",170,60,54,"EUROPE",22,"West","Female",0.352941176470588
"72",176,59,21,"EUROPE",23,"West","Female",0.335227272727273
"73",168,62,27,"EUROPE",28,"West","Female",0.369047619047619
"74",159,55,30,"ASIA",25,"East","Female",0.345911949685535
"75",173,56,2,"EUROPE",23,"West","Female",0.323699421965318
"76",177,61,14,"ASIA",25,"East","Female",0.344632768361582
"77",170,70,55,"NORTHERN_AMERICA",25,"West","Female",0.411764705882353
"79",172,64,31,"ASIA",21,"East","Female",0.372093023255814
"80",180,69,9,"EUROPE",24,"West","Female",0.383333333333333
"82",169,56,51,"EUROPE",24,"West","Female",0.331360946745562
"83",176,69,64,"EUROPE",22,"West","Female",0.392045454545455
"84",173,64,83,"ASIA",25,"East","Female",0.369942196531792
"86",170,62,24,"NORTHERN_AMERICA",20,"West","Female",0.364705882352941
"88",183,73,41,"EUROPE",21,"West","Female",0.398907103825137
"90",175,62,62,"EUROPE",24,"West","Female",0.354285714285714
"91",172,62,46,"EUROPE",30,"West","Female",0.36046511627907
"93",170,63,38,"EUROPE",22,"West","Female",0.370588235294118
"95",168,60,35,"NORTHERN_AMERICA",25,"West","Female",0.357142857142857
"96",165,55,13,"EUROPE",27,"West","Female",0.333333333333333
"97",175,68,4,"OCEANIA",26,"West","Female",0.388571428571429
"99",168,54,26,"EUROPE",26,"West","Female",0.321428571428571
"100",181,67,22,"EUROPE",26,"West","Female",0.370165745856354
"102",181,74,15,"EUROPE",27,"West","Female",0.408839779005525
"103",163,58,56,"ASIA",21,"East","Female",0.355828220858896
"104",180,65,61,"EUROPE",21,"West","Female",0.361111111111111
"105",179,68,25,"EUROPE",23,"West","Female",0.379888268156425
"108",180,60,71,"EUROPE",24,"West","Female",0.333333333333333
"110",175,59,20,"EUROPE",30,"West","Female",0.337142857142857
"111",173,63,110,"EUROPE",19,"West","Female",0.364161849710983
"113",185,70,54,"EUROPE",20,"West","Female",0.378378378378378
"117",168,63,28,"EUROPE",24,"West","Female",0.375
"120",170,60,42,"EUROPE",23,"West","Female",0.352941176470588
"123",175,65,40,"EUROPE",22,"West","Female",0.371428571428571
"126",170,62,9,"EUROPE",26,"West","Female",0.364705882352941
"130",171,62,59,"EUROPE",25,"West","Female",0.362573099415205
"135",171,59,134,"OCEANIA",21,"West","Female",0.345029239766082
"137",188,59,1,"EUROPE",18,"West","Female",0.313829787234043
"138",180,65,66,"EUROPE",26,"West","Female",0.361111111111111
"139",176,63,26,"EUROPE",21,"West","Female",0.357954545454545
"142",172,59,2,"EUROPE",26,"West","Female",0.343023255813953
"145",155,53,32,"ASIA",22,"East","Female",0.341935483870968
"146",174,68,45,"EUROPE",22,"West","Female",0.390804597701149
"153",182,68,12,"EUROPE",20,"West","Female",0.373626373626374
"158",164,58,52,"EUROPE",25,"West","Female",0.353658536585366
"159",163,66,73,"NORTHERN_AMERICA",23,"West","Female",0.404907975460123
"166",163,53,39,"EUROPE",25,"West","Female",0.325153374233129
"167",167,60,99,"EUROPE",21,"West","Female",0.359281437125749
"170",163,59,71,"EUROPE",26,"West","Female",0.361963190184049
"171",180,72,19,"NORTHERN_AMERICA",26,"West","Female",0.4
"172",179,68,111,"EUROPE",20,"West","Female",0.379888268156425
"173",185,69,23,"EUROPE",22,"West","Female",0.372972972972973
"174",180,65,17,"EUROPE",29,"West","Female",0.361111111111111
"175",175,68,48,"NORTHERN_AMERICA",24,"West","Female",0.388571428571429
"178",170,60,67,"EUROPE",30,"West","Female",0.352941176470588
"181",168,60,50,"EUROPE",20,"West","Female",0.357142857142857
"189",168,67,94,"EUROPE",25,"West","Female",0.398809523809524
"190",161,58,147,"EUROPE",20,"West","Female",0.360248447204969
"193",183,58,46,"EUROPE",20,"West","Female",0.316939890710383
"195",182,67,35,"EUROPE",19,"West","Female",0.368131868131868
"196",172,66,105,"ASIA",26,"East","Female",0.383720930232558
"201",164,60,5,"EUROPE",26,"West","Female",0.365853658536585
"203",173,64,170,"EUROPE",26,"West","Female",0.369942196531792
"204",168,60,116,"OCEANIA",27,"West","Female",0.357142857142857
"207",178,66,124,"NORTHERN_AMERICA",26,"West","Female",0.370786516853933
"215",165,55,166,"ASIA",20,"East","Female",0.333333333333333
"218",174,66,45,"EUROPE",28,"West","Female",0.379310344827586
"222",178,68,165,"EUROPE",25,"West","Female",0.382022471910112
"225",178,61,5,"NORTHERN_AMERICA",20,"West","Female",0.342696629213483
"227",180,65,55,"EUROPE",23,"West","Female",0.361111111111111
"232",170,60,198,"EUROPE",21,"West","Female",0.352941176470588
"233",180,69,102,"EUROPE",20,"West","Female",0.383333333333333
"238",166,61,20,"OCEANIA",23,"West","Female",0.367469879518072
"240",164,55,154,"EUROPE",23,"West","Female",0.335365853658537
"246",170,62,154,"OCEANIA",21,"West","Female",0.364705882352941
"249",168,61,189,"OCEANIA",19,"West","Female",0.363095238095238
"250",175,59,105,"EUROPE",24,"West","Female",0.337142857142857
"255",167,67,66,"ASIA",25,"East","Female",0.401197604790419
"260",187,73,124,"EUROPE",26,"West","Female",0.390374331550802
"262",176,63,57,"EUROPE",20,"West","Female",0.357954545454545
"264",168,61,132,"NORTHERN_AMERICA",22,"West","Female",0.363095238095238
"271",170,56,59,"EUROPE",23,"West","Female",0.329411764705882
"272",175,64,58,"NORTHERN_AMERICA",20,"West","Female",0.365714285714286
"274",163,64,97,"NORTHERN_AMERICA",20,"West","Female",0.392638036809816
"278",177,57,29,"EUROPE",21,"West","Female",0.322033898305085
"280",168,56,7,"EUROPE",26,"West","Female",0.333333333333333
"288",183,64,38,"NORTHERN_AMERICA",20,"West","Female",0.349726775956284
"293",175,58,102,"OCEANIA",23,"West","Female",0.331428571428571
"302",177,72,41,"EUROPE",26,"West","Female",0.406779661016949
"316",163,57,70,"ASIA",23,"East","Female",0.349693251533742
"318",161,55,4,"EUROPE",27,"West","Female",0.341614906832298
"320",181,62,5,"EUROPE",19,"West","Female",0.342541436464088
"325",183,66,102,"NORTHERN_AMERICA",19,"West","Female",0.360655737704918
"335",185,70,10,"NORTHERN_AMERICA",25,"West","Female",0.378378378378378
"338",178,68,12,"EUROPE",22,"West","Female",0.382022471910112
"348",180,65,31,"EUROPE",23,"West","Female",0.361111111111111
"354",178,66,111,"NORTHERN_AMERICA",20,"West","Female",0.370786516853933
"361",173,56,95,"EUROPE",23,"West","Female",0.323699421965318
"365",168,62,144,"ASIA",20,"East","Female",0.369047619047619
"388",179,63,166,"ASIA",21,"East","Female",0.35195530726257
"389",171,63,35,"EUROPE",16,"West","Female",0.368421052631579
"390",186,84,60,"ASIA",27,"East","Female",0.451612903225806
"391",178,64,107,"NORTHERN_AMERICA",23,"West","Female",0.359550561797753
"394",180,68,40,"EUROPE",32,"West","Female",0.377777777777778
"402",168,66,30,"NORTHERN_AMERICA",26,"West","Female",0.392857142857143
"427",181,65,20,"EUROPE",35,"West","Female",0.359116022099448
"430",190,74,50,"ASIA",23,"East","Female",0.389473684210526
"431",179,63,349,"EUROPE",20,"West","Female",0.35195530726257
"433",166,59,202,"OCEANIA",19,"West","Female",0.355421686746988
"434",168,59,31,"NORTHERN_AMERICA",18,"West","Female",0.351190476190476
"445",189,74,76,"EUROPE",26,"West","Female",0.391534391534392
"451",175,62,424,"EUROPE",23,"West","Female",0.354285714285714
"460",170,61,294,"EUROPE",22,"West","Female",0.358823529411765
"470",163,65,145,"EUROPE",24,"West","Female",0.398773006134969
"472",170,59,89,"EUROPE",21,"West","Female",0.347058823529412
"480",180,73,25,"ASIA",25,"East","Female",0.405555555555556
"481",178,68,87,"NORTHERN_AMERICA",18,"West","Female",0.382022471910112
"487",168,63,240,"EUROPE",27,"West","Female",0.375
"518",171,65,490,"EUROPE",23,"West","Female",0.380116959064327
"533",175,60,68,"EUROPE",23,"West","Female",0.342857142857143
"541",165,52,171,"EUROPE",19,"West","Female",0.315151515151515
"553",173,58,135,"EUROPE",23,"West","Female",0.335260115606936
"559",175,65,32,"EUROPE",22,"West","Female",0.371428571428571
"573",186,71,284,"EUROPE",17,"West","Female",0.381720430107527
"576",166,55,20,"EUROPE",31,"West","Female",0.331325301204819
"595",168,52,145,"EUROPE",24,"West","Female",0.30952380952381
"610",167,62,137,"EUROPE",24,"West","Female",0.37125748502994
"614",170,62,84,"EUROPE",23,"West","Female",0.364705882352941
"630",168,59,163,"EUROPE",20,"West","Female",0.351190476190476
"636",174,67,25,"OCEANIA",24,"West","Female",0.385057471264368
"643",171,65,175,"EUROPE",23,"West","Female",0.380116959064327
"655",186,76,126,"EUROPE",27,"West","Female",0.408602150537634
"657",179,55,87,"EUROPE",19,"West","Female",0.307262569832402
"660",162,59,268,"EUROPE",20,"West","Female",0.364197530864198
"661",169,65,507,"EUROPE",18,"West","Female",0.384615384615385
"673",169,61,54,"EUROPE",24,"West","Female",0.36094674556213
"682",172,65,60,"EUROPE",26,"West","Female",0.377906976744186
"705",171,59,66,"EUROPE",20,"West","Female",0.345029239766082
"708",181,66,80,"NORTHERN_AMERICA",25,"West","Female",0.364640883977901
"715",174,66,163,"ASIA",19,"East","Female",0.379310344827586
"726",163,61,63,"NORTHERN_AMERICA",26,"West","Female",0.374233128834356
"727",178,62,47,"EUROPE",22,"West","Female",0.348314606741573
"750",174,67,39,"OCEANIA",24,"West","Female",0.385057471264368
"755",168,58,128,"EUROPE",22,"West","Female",0.345238095238095
"771",168,50,35,"NORTHERN_AMERICA",18,"West","Female",0.297619047619048
"792",176,65,13,"EUROPE",30,"West","Female",0.369318181818182
"797",179,63,71,"EUROPE",23,"West","Female",0.35195530726257
"812",189,72,14,"EUROPE",22,"West","Female",0.380952380952381
"822",181,72,20,"EUROPE",21,"West","Female",0.397790055248619
"825",173,64,95,"EUROPE",26,"West","Female",0.369942196531792
"844",174,68,102,"EUROPE",20,"West","Female",0.390804597701149
"845",185,71,18,"NORTHERN_AMERICA",21,"West","Female",0.383783783783784
"866",172,61,26,"EUROPE",21,"West","Female",0.354651162790698
"872",183,63,7,"EUROPE",18,"West","Female",0.344262295081967
"878",165,58,342,"ASIA",23,"East","Female",0.351515151515152
"891",170,60,37,"EUROPE",20,"West","Female",0.352941176470588
"897",164,54,40,"ASIA",21,"East","Female",0.329268292682927
"919",156,51,122,"ASIA",23,"East","Female",0.326923076923077
"925",171,63,79,"EUROPE",22,"West","Female",0.368421052631579
"969",177,69,30,"EUROPE",19,"West","Female",0.389830508474576
"972",170,59,37,"EUROPE",22,"West","Female",0.347058823529412
"977",165,60,55,"EUROPE",31,"West","Female",0.363636363636364
"980",168,58,172,"EUROPE",21,"West","Female",0.345238095238095
"994",172,64,243,"EUROPE",20,"West","Female",0.372093023255814
"1004",170,64,170,"EUROPE",23,"West","Female",0.376470588235294
"1055",170,63,151,"EUROPE",32,"West","Female",0.370588235294118
"1061",178,64,121,"EUROPE",22,"West","Female",0.359550561797753
"1062",178,70,111,"EUROPE",23,"West","Female",0.393258426966292
"1063",169,66,295,"EUROPE",20,"West","Female",0.390532544378698
"1070",180,72,33,"EUROPE",28,"West","Female",0.4
"1071",177,59,1,"EUROPE",23,"West","Female",0.333333333333333
"1092",180,65,8,"EUROPE",26,"West","Female",0.361111111111111
"1093",171,62,50,"NORTHERN_AMERICA",22,"West","Female",0.362573099415205
"1111",173,61,33,"NORTHERN_AMERICA",18,"West","Female",0.352601156069364
"1171",175,60,21,"NORTHERN_AMERICA",21,"West","Female",0.342857142857143
"1194",167,60,149,"ASIA",19,"East","Female",0.359281437125749
"1202",176,61,475,"NORTHERN_AMERICA",17,"West","Female",0.346590909090909
"1221",179,79,350,"EUROPE",19,"West","Female",0.441340782122905
"1265",168,58,422,"EUROPE",19,"West","Female",0.345238095238095
"1268",180,61,32,"EUROPE",19,"West","Female",0.338888888888889
"1316",163,60,40,"EUROPE",25,"West","Female",0.368098159509202
"1322",175,68,47,"NORTHERN_AMERICA",28,"West","Female",0.388571428571429
"1358",188,77,98,"NORTHERN_AMERICA",21,"West","Female",0.409574468085106
"1361",180,67,188,"EUROPE",20,"West","Female",0.372222222222222
"1449",180,68,146,"NORTHERN_AMERICA",26,"West","Female",0.377777777777778
"1453",163,53,4,"ASIA",25,"East","Female",0.325153374233129
"1502",165,60,26,"EUROPE",22,"West","Female",0.363636363636364
"1506",176,68,48,"EUROPE",22,"West","Female",0.386363636363636
"1517",165,57,76,"EUROPE",16,"West","Female",0.345454545454545
"1543",178,67,110,"EUROPE",28,"West","Female",0.376404494382022
"1569",173,59,55,"EUROPE",25,"West","Female",0.341040462427746
"1675",183,67,42,"ASIA",27,"East","Female",0.366120218579235
"1676",175,76,66,"NORTHERN_AMERICA",23,"West","Female",0.434285714285714
"1681",174,65,20,"EUROPE",19,"West","Female",0.373563218390805
"1734",185,85,1,"EUROPE",22,"West","Male",0.459459459459459
"1735",188,77,1,"EUROPE",24,"West","Male",0.409574468085106
"1736",185,85,1,"EUROPE",22,"West","Male",0.459459459459459
"1737",198,83,4,"EUROPE",23,"West","Male",0.419191919191919
"1738",185,79,4,"EUROPE",24,"West","Male",0.427027027027027
"1739",193,85,5,"EUROPE",20,"West","Male",0.440414507772021
"1740",198,90,3,"EUROPE",20,"West","Male",0.454545454545455
"1741",196,95,8,"EUROPE",23,"West","Male",0.48469387755102
"1742",183,75,9,"EUROPE",31,"West","Male",0.409836065573771
"1743",193,85,6,"EUROPE",30,"West","Male",0.440414507772021
"1744",180,70,7,"EUROPE",26,"West","Male",0.388888888888889
"1745",178,79,9,"EUROPE",32,"West","Male",0.443820224719101
"1746",178,73,4,"ASIA",25,"East","Male",0.410112359550562
"1748",185,75,15,"NORTHERN_AMERICA",20,"West","Male",0.405405405405405
"1749",183,81,3,"EUROPE",28,"West","Male",0.442622950819672
"1750",198,87,8,"EUROPE",23,"West","Male",0.439393939393939
"1751",183,69,18,"OCEANIA",20,"West","Male",0.377049180327869
"1752",208,108,8,"NORTHERN_AMERICA",33,"West","Male",0.519230769230769
"1753",191,81,3,"EUROPE",26,"West","Male",0.424083769633508
"1754",193,88,17,"NORTHERN_AMERICA",19,"West","Male",0.455958549222798
"1755",185,84,10,"EUROPE",24,"West","Male",0.454054054054054
"1756",188,70,22,"EUROPE",22,"West","Male",0.372340425531915
"1757",196,80,18,"EUROPE",26,"West","Male",0.408163265306122
"1759",185,79,16,"EUROPE",27,"West","Male",0.427027027027027
"1760",188,78,10,"EUROPE",26,"West","Male",0.414893617021277
"1761",188,85,12,"EUROPE",21,"West","Male",0.452127659574468
"1762",188,93,5,"EUROPE",26,"West","Male",0.49468085106383
"1763",193,85,13,"OCEANIA",21,"West","Male",0.440414507772021
"1765",196,98,3,"NORTHERN_AMERICA",25,"West","Male",0.5
"1766",193,86,25,"NORTHERN_AMERICA",21,"West","Male",0.44559585492228
"1768",183,83,23,"EUROPE",28,"West","Male",0.453551912568306
"1769",193,92,33,"EUROPE",29,"West","Male",0.476683937823834
"1770",196,81,33,"EUROPE",22,"West","Male",0.413265306122449
"1771",188,82,27,"EUROPE",24,"West","Male",0.436170212765957
"1772",198,89,3,"EUROPE",29,"West","Male",0.44949494949495
"1773",185,75,26,"EUROPE",26,"West","Male",0.405405405405405
"1774",188,76,17,"EUROPE",29,"West","Male",0.404255319148936
"1775",175,75,41,"EUROPE",26,"West","Male",0.428571428571429
"1776",180,79,22,"EUROPE",29,"West","Male",0.438888888888889
"1777",198,95,11,"NORTHERN_AMERICA",30,"West","Male",0.47979797979798
"1779",175,69,39,"EUROPE",29,"West","Male",0.394285714285714
"1780",188,86,29,"NORTHERN_AMERICA",21,"West","Male",0.457446808510638
"1781",198,77,48,"ASIA",22,"East","Male",0.388888888888889
"1782",183,79,33,"OCEANIA",29,"West","Male",0.431693989071038
"1783",188,90,7,"EUROPE",25,"West","Male",0.478723404255319
"1785",188,75,25,"EUROPE",25,"West","Male",0.398936170212766
"1786",191,76,46,"EUROPE",24,"West","Male",0.397905759162304
"1787",188,82,41,"EUROPE",23,"West","Male",0.436170212765957
"1788",188,73,46,"EUROPE",21,"West","Male",0.388297872340426
"1789",183,77,54,"EUROPE",20,"West","Male",0.420765027322404
"1790",183,70,6,"EUROPE",24,"West","Male",0.382513661202186
"1791",180,80,32,"EUROPE",29,"West","Male",0.444444444444444
"1792",183,73,43,"EUROPE",28,"West","Male",0.398907103825137
"1793",183,75,47,"EUROPE",20,"West","Male",0.409836065573771
"1794",185,74,28,"EUROPE",27,"West","Male",0.4
"1795",183,79,7,"EUROPE",21,"West","Male",0.431693989071038
"1796",188,88,12,"EUROPE",33,"West","Male",0.468085106382979
"1797",183,82,43,"OCEANIA",25,"West","Male",0.448087431693989
"1798",188,75,36,"EUROPE",27,"West","Male",0.398936170212766
"1799",175,77,50,"EUROPE",25,"West","Male",0.44
"1800",183,72,39,"ASIA",31,"East","Male",0.39344262295082
"1801",188,83,14,"EUROPE",23,"West","Male",0.441489361702128
"1802",188,89,41,"NORTHERN_AMERICA",27,"West","Male",0.473404255319149
"1803",170,64,58,"ASIA",21,"East","Male",0.376470588235294
"1804",188,82,31,"EUROPE",27,"West","Male",0.436170212765957
"1805",185,78,16,"EUROPE",26,"West","Male",0.421621621621622
"1806",183,75,73,"EUROPE",21,"West","Male",0.409836065573771
"1807",191,78,18,"EUROPE",28,"West","Male",0.408376963350785
"1811",183,78,78,"ASIA",27,"East","Male",0.426229508196721
"1812",178,70,16,"EUROPE",28,"West","Male",0.393258426966292
"1813",183,77,72,"EUROPE",24,"West","Male",0.420765027322404
"1814",175,68,80,"EUROPE",20,"West","Male",0.388571428571429
"1815",183,80,80,"EUROPE",25,"West","Male",0.437158469945355
"1816",180,80,83,"EUROPE",25,"West","Male",0.444444444444444
"1817",188,86,21,"NORTHERN_AMERICA",26,"West","Male",0.457446808510638
"1818",180,72,81,"ASIA",21,"East","Male",0.4
"1819",185,80,79,"EUROPE",27,"West","Male",0.432432432432432
"1820",183,80,82,"EUROPE",20,"West","Male",0.437158469945355
"1822",183,76,83,"EUROPE",23,"West","Male",0.415300546448087
"1823",185,82,79,"NORTHERN_AMERICA",22,"West","Male",0.443243243243243
"1826",193,85,92,"NORTHERN_AMERICA",24,"West","Male",0.440414507772021
"1827",188,80,75,"ASIA",29,"East","Male",0.425531914893617
"1828",188,75,93,"EUROPE",18,"West","Male",0.398936170212766
"1829",196,78,87,"OCEANIA",19,"West","Male",0.397959183673469
"1830",185,80,95,"EUROPE",26,"West","Male",0.432432432432432
"1831",183,76,52,"EUROPE",22,"West","Male",0.415300546448087
"1833",196,85,91,"EUROPE",26,"West","Male",0.433673469387755
"1834",196,91,4,"EUROPE",29,"West","Male",0.464285714285714
"1835",185,78,93,"EUROPE",25,"West","Male",0.421621621621622
"1837",198,94,35,"EUROPE",21,"West","Male",0.474747474747475
"1838",183,75,63,"NORTHERN_AMERICA",23,"West","Male",0.409836065573771
"1840",175,72,36,"ASIA",29,"East","Male",0.411428571428571
"1841",185,75,65,"EUROPE",23,"West","Male",0.405405405405405
"1842",193,85,80,"EUROPE",27,"West","Male",0.440414507772021
"1843",183,82,82,"OCEANIA",23,"West","Male",0.448087431693989
"1844",191,80,64,"ASIA",25,"East","Male",0.418848167539267
"1845",191,80,19,"EUROPE",26,"West","Male",0.418848167539267
"1846",183,80,98,"EUROPE",26,"West","Male",0.437158469945355
"1847",180,80,53,"NORTHERN_AMERICA",23,"West","Male",0.444444444444444
"1849",183,73,8,"EUROPE",25,"West","Male",0.398907103825137
"1850",173,70,70,"EUROPE",28,"West","Male",0.404624277456647
"1851",185,70,96,"EUROPE",29,"West","Male",0.378378378378378
"1852",183,78,33,"EUROPE",35,"West","Male",0.426229508196721
"1853",188,77,118,"EUROPE",24,"West","Male",0.409574468085106
"1854",178,73,47,"ASIA",27,"East","Male",0.410112359550562
"1856",188,83,39,"EUROPE",28,"West","Male",0.441489361702128
"1857",183,79,105,"EUROPE",22,"West","Male",0.431693989071038
"1858",180,77,123,"NORTHERN_AMERICA",26,"West","Male",0.427777777777778
"1859",183,76,98,"EUROPE",23,"West","Male",0.415300546448087
"1860",183,80,104,"EUROPE",25,"West","Male",0.437158469945355
"1861",191,82,1,"EUROPE",29,"West","Male",0.429319371727749
"1862",180,75,60,"ASIA",24,"East","Male",0.416666666666667
"1863",178,69,128,"ASIA",22,"East","Male",0.387640449438202
"1865",188,89,19,"ASIA",21,"East","Male",0.473404255319149
"1866",188,78,132,"OCEANIA",22,"West","Male",0.414893617021277
"1867",178,73,57,"NORTHERN_AMERICA",24,"West","Male",0.410112359550562
"1869",180,78,130,"EUROPE",30,"West","Male",0.433333333333333
"1870",175,76,136,"NORTHERN_AMERICA",28,"West","Male",0.434285714285714
"1871",178,70,99,"EUROPE",30,"West","Male",0.393258426966292
"1873",193,85,78,"EUROPE",24,"West","Male",0.440414507772021
"1874",185,79,25,"EUROPE",32,"West","Male",0.427027027027027
"1875",183,78,138,"OCEANIA",25,"West","Male",0.426229508196721
"1876",193,87,141,"ASIA",23,"East","Male",0.450777202072539
"1877",191,85,24,"EUROPE",25,"West","Male",0.445026178010471
"1878",193,84,80,"EUROPE",24,"West","Male",0.435233160621762
"1880",185,80,23,"EUROPE",27,"West","Male",0.432432432432432
"1882",185,75,141,"EUROPE",20,"West","Male",0.405405405405405
"1884",180,83,127,"EUROPE",27,"West","Male",0.461111111111111
"1885",193,80,31,"EUROPE",24,"West","Male",0.414507772020725
"1886",185,82,84,"EUROPE",27,"West","Male",0.443243243243243
"1887",188,76,137,"EUROPE",23,"West","Male",0.404255319148936
"1888",193,88,25,"NORTHERN_AMERICA",23,"West","Male",0.455958549222798
"1889",180,84,144,"EUROPE",27,"West","Male",0.466666666666667
"1890",193,87,56,"EUROPE",28,"West","Male",0.450777202072539
"1891",193,83,26,"EUROPE",29,"West","Male",0.430051813471503
"1892",175,78,38,"EUROPE",33,"West","Male",0.445714285714286
"1893",180,68,97,"EUROPE",21,"West","Male",0.377777777777778
"1894",193,86,12,"EUROPE",25,"West","Male",0.44559585492228
"1895",183,84,125,"OCEANIA",26,"West","Male",0.459016393442623
"1896",183,82,160,"OCEANIA",25,"West","Male",0.448087431693989
"1897",191,77,33,"EUROPE",25,"West","Male",0.403141361256544
"1898",193,79,129,"EUROPE",24,"West","Male",0.409326424870466
"1899",185,75,146,"EUROPE",18,"West","Male",0.405405405405405
"1901",191,81,126,"EUROPE",22,"West","Male",0.424083769633508
"1902",183,70,71,"EUROPE",21,"West","Male",0.382513661202186
"1903",185,76,126,"EUROPE",22,"West","Male",0.410810810810811
"1904",193,85,167,"EUROPE",25,"West","Male",0.440414507772021
"1906",193,86,99,"EUROPE",26,"West","Male",0.44559585492228
"1907",203,86,172,"EUROPE",27,"West","Male",0.423645320197044
"1909",183,82,80,"EUROPE",25,"West","Male",0.448087431693989
"1910",178,74,175,"EUROPE",24,"West","Male",0.415730337078652
"1911",188,85,33,"ASIA",25,"East","Male",0.452127659574468
"1912",188,82,161,"EUROPE",23,"West","Male",0.436170212765957
"1913",198,84,148,"EUROPE",26,"West","Male",0.424242424242424
"1914",183,80,99,"NORTHERN_AMERICA",22,"West","Male",0.437158469945355
"1915",188,82,153,"EUROPE",21,"West","Male",0.436170212765957
"1916",178,74,178,"EUROPE",24,"West","Male",0.415730337078652
"1917",188,87,44,"EUROPE",25,"West","Male",0.462765957446808
"1918",198,89,180,"NORTHERN_AMERICA",22,"West","Male",0.44949494949495
"1919",180,76,154,"EUROPE",27,"West","Male",0.422222222222222
"1920",183,80,110,"NORTHERN_AMERICA",30,"West","Male",0.437158469945355
"1921",191,78,102,"EUROPE",21,"West","Male",0.408376963350785
"1922",196,91,17,"OCEANIA",23,"West","Male",0.464285714285714
"1923",180,78,164,"EUROPE",24,"West","Male",0.433333333333333
"1924",191,87,178,"ASIA",21,"East","Male",0.455497382198953
"1925",193,85,178,"EUROPE",25,"West","Male",0.440414507772021
"1929",185,77,194,"ASIA",33,"East","Male",0.416216216216216
"1930",191,82,37,"EUROPE",32,"West","Male",0.429319371727749
"1931",188,82,159,"NORTHERN_AMERICA",25,"West","Male",0.436170212765957
"1932",178,69,136,"EUROPE",25,"West","Male",0.387640449438202
"1933",188,86,85,"EUROPE",24,"West","Male",0.457446808510638
"1934",188,80,111,"ASIA",23,"East","Male",0.425531914893617
"1935",188,83,200,"EUROPE",24,"West","Male",0.441489361702128
"1936",193,84,69,"OCEANIA",19,"West","Male",0.435233160621762
"1938",193,80,170,"EUROPE",22,"West","Male",0.414507772020725
"1941",183,83,205,"EUROPE",22,"West","Male",0.453551912568306
"1943",193,88,202,"EUROPE",21,"West","Male",0.455958549222798
"1944",201,82,147,"NORTHERN_AMERICA",22,"West","Male",0.407960199004975
"1945",196,78,64,"EUROPE",31,"West","Male",0.397959183673469
"1946",180,75,5,"EUROPE",24,"West","Male",0.416666666666667
"1948",185,75,174,"EUROPE",19,"West","Male",0.405405405405405
"1949",180,80,144,"EUROPE",23,"West","Male",0.444444444444444
"1950",183,78,175,"EUROPE",20,"West","Male",0.426229508196721
"1952",175,70,125,"NORTHERN_AMERICA",22,"West","Male",0.4
"1953",185,80,200,"ASIA",26,"East","Male",0.432432432432432
"1954",168,65,143,"ASIA",24,"East","Male",0.386904761904762
"1955",180,80,8,"EUROPE",27,"West","Male",0.444444444444444
"1956",185,75,208,"OCEANIA",20,"West","Male",0.405405405405405
"1957",188,80,188,"NORTHERN_AMERICA",24,"West","Male",0.425531914893617
"1958",183,69,181,"EUROPE",22,"West","Male",0.377049180327869
"1959",175,73,3,"EUROPE",31,"West","Male",0.417142857142857
"1960",185,80,118,"EUROPE",25,"West","Male",0.432432432432432
"1962",191,85,10,"EUROPE",25,"West","Male",0.445026178010471
"1963",188,83,140,"EUROPE",23,"West","Male",0.441489361702128
"1964",180,72,142,"EUROPE",26,"West","Male",0.4
"1966",196,90,152,"EUROPE",22,"West","Male",0.459183673469388
"1967",185,82,67,"NORTHERN_AMERICA",21,"West","Male",0.443243243243243
"1968",183,75,219,"EUROPE",22,"West","Male",0.409836065573771
"1969",183,80,38,"NORTHERN_AMERICA",22,"West","Male",0.437158469945355
"1970",188,82,233,"EUROPE",26,"West","Male",0.436170212765957
"1972",183,75,111,"EUROPE",29,"West","Male",0.409836065573771
"1973",178,76,64,"EUROPE",24,"West","Male",0.426966292134831
"1974",183,80,159,"EUROPE",21,"West","Male",0.437158469945355
"1976",191,84,45,"EUROPE",23,"West","Male",0.43979057591623
"1977",188,80,39,"OCEANIA",30,"West","Male",0.425531914893617
"1978",191,85,211,"EUROPE",24,"West","Male",0.445026178010471
"1979",193,88,173,"EUROPE",27,"West","Male",0.455958549222798
"1980",185,82,49,"EUROPE",29,"West","Male",0.443243243243243
"1981",183,78,203,"EUROPE",22,"West","Male",0.426229508196721
"1982",168,70,240,"EUROPE",28,"West","Male",0.416666666666667
"1983",193,81,72,"ASIA",27,"East","Male",0.419689119170984
"1984",185,79,229,"ASIA",22,"East","Male",0.427027027027027
"1985",180,73,237,"EUROPE",22,"West","Male",0.405555555555556
"1986",180,78,144,"OCEANIA",20,"West","Male",0.433333333333333
"1988",173,68,252,"EUROPE",19,"West","Male",0.393063583815029
"1990",191,86,250,"EUROPE",20,"West","Male",0.450261780104712
"1991",175,75,130,"ASIA",18,"East","Male",0.428571428571429
"1992",183,75,84,"EUROPE",27,"West","Male",0.409836065573771
"1993",183,80,241,"NORTHERN_AMERICA",20,"West","Male",0.437158469945355
"1994",185,76,208,"EUROPE",21,"West","Male",0.410810810810811
"1995",183,80,236,"ASIA",26,"East","Male",0.437158469945355
"1996",185,85,212,"EUROPE",20,"West","Male",0.459459459459459
"1997",178,74,91,"OCEANIA",25,"West","Male",0.415730337078652
"1998",183,78,154,"EUROPE",24,"West","Male",0.426229508196721
"1999",185,79,194,"EUROPE",22,"West","Male",0.427027027027027
"2002",193,85,137,"ASIA",28,"East","Male",0.440414507772021
"2004",168,66,259,"ASIA",22,"East","Male",0.392857142857143
"2005",188,84,253,"OCEANIA",23,"West","Male",0.446808510638298
"2010",188,82,272,"NORTHERN_AMERICA",18,"West","Male",0.436170212765957
"2011",183,78,201,"EUROPE",22,"West","Male",0.426229508196721
"2012",196,88,263,"EUROPE",23,"West","Male",0.448979591836735
"2013",188,83,43,"EUROPE",30,"West","Male",0.441489361702128
"2015",196,90,279,"EUROPE",21,"West","Male",0.459183673469388
"2017",191,85,192,"EUROPE",21,"West","Male",0.445026178010471
"2018",183,73,113,"EUROPE",25,"West","Male",0.398907103825137
"2019",191,86,187,"EUROPE",20,"West","Male",0.450261780104712
"2021",180,72,161,"NORTHERN_AMERICA",24,"West","Male",0.4
"2023",191,82,18,"EUROPE",27,"West","Male",0.429319371727749
"2024",178,73,197,"EUROPE",26,"West","Male",0.410112359550562
"2025",196,80,234,"EUROPE",21,"West","Male",0.408163265306122
"2026",178,80,224,"NORTHERN_AMERICA",23,"West","Male",0.449438202247191
"2027",188,84,108,"OCEANIA",26,"West","Male",0.446808510638298
"2028",191,89,25,"EUROPE",29,"West","Male",0.465968586387435
"2031",188,90,96,"NORTHERN_AMERICA",20,"West","Male",0.478723404255319
"2032",185,78,293,"OCEANIA",23,"West","Male",0.421621621621622
"2033",191,80,78,"EUROPE",31,"West","Male",0.418848167539267
"2034",178,78,233,"ASIA",21,"East","Male",0.438202247191011
"2035",193,75,273,"NORTHERN_AMERICA",19,"West","Male",0.38860103626943
"2036",188,80,277,"EUROPE",29,"West","Male",0.425531914893617
"2037",185,77,296,"EUROPE",22,"West","Male",0.416216216216216
"2039",180,63,171,"ASIA",20,"East","Male",0.35
"2040",183,73,303,"EUROPE",18,"West","Male",0.398907103825137
"2041",188,78,89,"EUROPE",28,"West","Male",0.414893617021277
"2042",196,85,302,"EUROPE",23,"West","Male",0.433673469387755
"2043",173,75,193,"EUROPE",22,"West","Male",0.433526011560694
"2045",183,82,129,"EUROPE",26,"West","Male",0.448087431693989
"2046",185,73,276,"EUROPE",24,"West","Male",0.394594594594595
"2047",185,84,40,"NORTHERN_AMERICA",25,"West","Male",0.454054054054054
"2048",191,86,162,"NORTHERN_AMERICA",27,"West","Male",0.450261780104712
"2049",196,81,296,"EUROPE",23,"West","Male",0.413265306122449
"2050",180,75,266,"EUROPE",19,"West","Male",0.416666666666667
"2052",203,86,314,"NORTHERN_AMERICA",25,"West","Male",0.423645320197044
"2053",183,85,293,"EUROPE",24,"West","Male",0.46448087431694
"2054",183,77,213,"NORTHERN_AMERICA",24,"West","Male",0.420765027322404
"2056",173,65,140,"ASIA",24,"East","Male",0.375722543352601
"2059",180,72,153,"EUROPE",27,"West","Male",0.4
"2062",175,73,68,"NORTHERN_AMERICA",27,"West","Male",0.417142857142857
"2063",193,85,303,"EUROPE",21,"West","Male",0.440414507772021
"2064",183,73,314,"EUROPE",25,"West","Male",0.398907103825137
"2065",178,73,282,"EUROPE",21,"West","Male",0.410112359550562
"2066",191,75,310,"NORTHERN_AMERICA",21,"West","Male",0.392670157068063
"2067",188,83,152,"OCEANIA",21,"West","Male",0.441489361702128
"2068",175,70,22,"EUROPE",29,"West","Male",0.4
"2070",191,85,52,"EUROPE",26,"West","Male",0.445026178010471
"2073",193,87,177,"EUROPE",23,"West","Male",0.450777202072539
"2074",180,80,336,"ASIA",21,"East","Male",0.444444444444444
"2076",185,80,191,"EUROPE",23,"West","Male",0.432432432432432
"2077",183,83,36,"EUROPE",23,"West","Male",0.453551912568306
"2080",178,69,332,"EUROPE",22,"West","Male",0.387640449438202
"2082",185,84,182,"EUROPE",24,"West","Male",0.454054054054054
"2084",191,80,316,"EUROPE",17,"West","Male",0.418848167539267
"2086",185,80,185,"NORTHERN_AMERICA",26,"West","Male",0.432432432432432
"2087",183,70,270,"EUROPE",22,"West","Male",0.382513661202186
"2088",173,73,189,"NORTHERN_AMERICA",24,"West","Male",0.421965317919075
"2089",188,78,207,"EUROPE",20,"West","Male",0.414893617021277
"2091",185,80,312,"EUROPE",22,"West","Male",0.432432432432432
"2092",183,79,250,"EUROPE",26,"West","Male",0.431693989071038
"2093",196,86,319,"EUROPE",24,"West","Male",0.438775510204082
"2094",180,73,356,"EUROPE",24,"West","Male",0.405555555555556
"2096",191,90,258,"EUROPE",24,"West","Male",0.471204188481675
"2097",183,75,359,"EUROPE",24,"West","Male",0.409836065573771
"2098",183,80,48,"EUROPE",27,"West","Male",0.437158469945355
"2099",188,85,148,"ASIA",22,"East","Male",0.452127659574468
"2100",163,62,335,"ASIA",20,"East","Male",0.380368098159509
"2102",191,88,210,"EUROPE",18,"West","Male",0.460732984293194
"2103",185,75,211,"EUROPE",20,"West","Male",0.405405405405405
"2106",193,84,368,"EUROPE",19,"West","Male",0.435233160621762
"2107",191,84,142,"EUROPE",23,"West","Male",0.43979057591623
"2108",178,74,320,"ASIA",25,"East","Male",0.415730337078652
"2109",198,94,100,"EUROPE",29,"West","Male",0.474747474747475
"2110",178,75,372,"ASIA",23,"East","Male",0.421348314606742
"2111",185,76,176,"EUROPE",21,"West","Male",0.410810810810811
"2112",193,94,371,"EUROPE",22,"West","Male",0.487046632124352
"2113",183,76,57,"EUROPE",25,"West","Male",0.415300546448087
"2115",185,76,273,"EUROPE",26,"West","Male",0.410810810810811
"2116",180,81,325,"EUROPE",25,"West","Male",0.45
"2117",183,72,250,"EUROPE",25,"West","Male",0.39344262295082
"2118",191,82,380,"NORTHERN_AMERICA",25,"West","Male",0.429319371727749
"2119",188,83,260,"EUROPE",23,"West","Male",0.441489361702128
"2120",185,79,346,"EUROPE",25,"West","Male",0.427027027027027
"2121",175,72,234,"EUROPE",22,"West","Male",0.411428571428571
"2123",183,72,385,"EUROPE",20,"West","Male",0.39344262295082
"2124",188,89,296,"EUROPE",19,"West","Male",0.473404255319149
"2126",191,80,275,"EUROPE",20,"West","Male",0.418848167539267
"2128",188,74,253,"ASIA",22,"East","Male",0.393617021276596
"2129",185,76,72,"EUROPE",22,"West","Male",0.410810810810811
"2130",188,78,68,"EUROPE",25,"West","Male",0.414893617021277
"2131",183,78,382,"EUROPE",17,"West","Male",0.426229508196721
"2133",188,85,267,"NORTHERN_AMERICA",23,"West","Male",0.452127659574468
"2135",185,77,397,"NORTHERN_AMERICA",18,"West","Male",0.416216216216216
"2137",193,89,333,"NORTHERN_AMERICA",25,"West","Male",0.461139896373057
"2138",188,78,276,"NORTHERN_AMERICA",21,"West","Male",0.414893617021277
"2139",183,75,370,"EUROPE",17,"West","Male",0.409836065573771
"2140",183,75,401,"EUROPE",20,"West","Male",0.409836065573771
"2141",185,80,153,"EUROPE",29,"West","Male",0.432432432432432
"2142",188,83,169,"EUROPE",25,"West","Male",0.441489361702128
"2143",185,83,319,"EUROPE",24,"West","Male",0.448648648648649
"2146",168,63,398,"ASIA",20,"East","Male",0.375
"2149",170,66,391,"EUROPE",20,"West","Male",0.388235294117647
"2150",188,87,391,"EUROPE",22,"West","Male",0.462765957446808
"2152",173,68,259,"EUROPE",25,"West","Male",0.393063583815029
"2153",180,68,338,"EUROPE",19,"West","Male",0.377777777777778
"2154",175,68,265,"EUROPE",22,"West","Male",0.388571428571429
"2155",193,78,324,"EUROPE",24,"West","Male",0.404145077720207
"2156",185,77,390,"EUROPE",20,"West","Male",0.416216216216216
"2157",183,78,183,"EUROPE",20,"West","Male",0.426229508196721
"2158",188,72,179,"EUROPE",28,"West","Male",0.382978723404255
"2160",185,78,327,"EUROPE",28,"West","Male",0.421621621621622
"2161",188,87,422,"EUROPE",25,"West","Male",0.462765957446808
"2162",180,70,423,"EUROPE",19,"West","Male",0.388888888888889
"2163",188,76,380,"EUROPE",19,"West","Male",0.404255319148936
"2164",183,76,293,"EUROPE",20,"West","Male",0.415300546448087
"2166",193,89,345,"EUROPE",23,"West","Male",0.461139896373057
"2168",178,75,314,"NORTHERN_AMERICA",26,"West","Male",0.421348314606742
"2169",193,90,404,"EUROPE",21,"West","Male",0.466321243523316
"2170",196,91,381,"NORTHERN_AMERICA",23,"West","Male",0.464285714285714
"2171",185,77,427,"EUROPE",24,"West","Male",0.416216216216216
"2172",191,83,355,"EUROPE",26,"West","Male",0.43455497382199
"2173",193,80,283,"EUROPE",21,"West","Male",0.414507772020725
"2174",198,90,320,"EUROPE",20,"West","Male",0.454545454545455
"2175",191,85,282,"EUROPE",22,"West","Male",0.445026178010471
"2176",193,90,433,"EUROPE",23,"West","Male",0.466321243523316
"2177",185,85,409,"EUROPE",26,"West","Male",0.459459459459459
"2180",191,72,342,"EUROPE",23,"West","Male",0.37696335078534
"2183",178,72,372,"EUROPE",23,"West","Male",0.404494382022472
"2184",178,73,439,"EUROPE",25,"West","Male",0.410112359550562
"2186",180,70,444,"EUROPE",18,"West","Male",0.388888888888889
"2188",180,74,405,"NORTHERN_AMERICA",22,"West","Male",0.411111111111111
"2189",191,88,71,"EUROPE",24,"West","Male",0.460732984293194
"2191",170,68,238,"ASIA",19,"East","Male",0.4
"2194",191,84,116,"EUROPE",23,"West","Male",0.43979057591623
"2195",185,74,455,"EUROPE",22,"West","Male",0.4
"2196",193,86,451,"EUROPE",24,"West","Male",0.44559585492228
"2197",173,69,254,"EUROPE",25,"West","Male",0.398843930635838
"2198",173,78,62,"EUROPE",26,"West","Male",0.450867052023121
"2199",175,65,343,"ASIA",23,"East","Male",0.371428571428571
"2200",193,78,423,"EUROPE",22,"West","Male",0.404145077720207
"2201",180,75,446,"ASIA",22,"East","Male",0.416666666666667
"2205",196,92,51,"EUROPE",26,"West","Male",0.469387755102041
"2206",178,69,289,"ASIA",20,"East","Male",0.387640449438202
"2209",188,82,136,"EUROPE",26,"West","Male",0.436170212765957
"2210",180,80,226,"EUROPE",22,"West","Male",0.444444444444444
"2212",185,76,460,"EUROPE",20,"West","Male",0.410810810810811
"2213",188,80,205,"EUROPE",27,"West","Male",0.425531914893617
"2214",188,80,393,"EUROPE",20,"West","Male",0.425531914893617
"2216",198,96,406,"EUROPE",28,"West","Male",0.484848484848485
"2217",188,85,211,"EUROPE",26,"West","Male",0.452127659574468
"2218",183,75,468,"ASIA",22,"East","Male",0.409836065573771
"2219",191,85,268,"EUROPE",28,"West","Male",0.445026178010471
"2221",170,67,482,"EUROPE",22,"West","Male",0.394117647058824
"2224",183,76,402,"EUROPE",20,"West","Male",0.415300546448087
"2225",191,89,47,"EUROPE",28,"West","Male",0.465968586387435
"2226",175,65,343,"ASIA",19,"East","Male",0.371428571428571
"2227",180,76,466,"EUROPE",26,"West","Male",0.422222222222222
"2228",188,79,465,"EUROPE",25,"West","Male",0.420212765957447
"2229",191,85,388,"EUROPE",20,"West","Male",0.445026178010471
"2230",183,79,115,"NORTHERN_AMERICA",19,"West","Male",0.431693989071038
"2232",185,76,8,"EUROPE",27,"West","Male",0.410810810810811
"2233",180,77,492,"EUROPE",19,"West","Male",0.427777777777778
"2234",185,83,206,"EUROPE",26,"West","Male",0.448648648648649
"2235",188,83,353,"EUROPE",24,"West","Male",0.441489361702128
"2236",185,80,472,"EUROPE",19,"West","Male",0.432432432432432
"2237",178,70,461,"EUROPE",19,"West","Male",0.393258426966292
"2238",185,85,242,"EUROPE",26,"West","Male",0.459459459459459
"2240",185,80,341,"EUROPE",21,"West","Male",0.432432432432432
"2241",183,68,491,"EUROPE",16,"West","Male",0.371584699453552
"2242",180,74,477,"EUROPE",18,"West","Male",0.411111111111111
"2245",191,80,157,"NORTHERN_AMERICA",26,"West","Male",0.418848167539267
"2246",188,82,160,"OCEANIA",23,"West","Male",0.436170212765957
"2248",173,72,355,"EUROPE",25,"West","Male",0.416184971098266
"2250",188,84,408,"EUROPE",18,"West","Male",0.446808510638298
"2251",180,71,13,"EUROPE",23,"West","Male",0.394444444444444
"2252",180,71,508,"EUROPE",18,"West","Male",0.394444444444444
"2253",185,83,386,"EUROPE",19,"West","Male",0.448648648648649
"2254",193,86,39,"OCEANIA",27,"West","Male",0.44559585492228
"2256",178,70,390,"EUROPE",21,"West","Male",0.393258426966292
"2257",185,80,482,"EUROPE",21,"West","Male",0.432432432432432
"2258",185,70,513,"NORTHERN_AMERICA",24,"West","Male",0.378378378378378
"2259",188,77,415,"EUROPE",22,"West","Male",0.409574468085106
"2263",193,83,40,"EUROPE",21,"West","Male",0.430051813471503
"2265",175,70,430,"ASIA",25,"East","Male",0.4
"2268",180,77,220,"OCEANIA",21,"West","Male",0.427777777777778
"2269",193,90,174,"EUROPE",22,"West","Male",0.466321243523316
"2271",180,73,409,"EUROPE",25,"West","Male",0.405555555555556
"2273",173,70,409,"EUROPE",25,"West","Male",0.404624277456647
"2274",183,77,524,"EUROPE",19,"West","Male",0.420765027322404
"2275",185,80,501,"NORTHERN_AMERICA",23,"West","Male",0.432432432432432
"2276",185,73,454,"NORTHERN_AMERICA",22,"West","Male",0.394594594594595
"2277",178,75,375,"EUROPE",20,"West","Male",0.421348314606742
"2279",193,88,98,"ASIA",28,"East","Male",0.455958549222798
"2280",188,86,423,"EUROPE",21,"West","Male",0.457446808510638
"2281",188,78,480,"EUROPE",25,"West","Male",0.414893617021277
"2282",185,82,456,"NORTHERN_AMERICA",21,"West","Male",0.443243243243243
"2283",175,69,385,"ASIA",21,"East","Male",0.394285714285714
"2284",188,83,491,"OCEANIA",23,"West","Male",0.441489361702128
"2285",178,75,171,"EUROPE",24,"West","Male",0.421348314606742
"2287",198,96,313,"EUROPE",27,"West","Male",0.484848484848485
"2289",173,74,70,"EUROPE",28,"West","Male",0.427745664739884
"2292",185,78,354,"EUROPE",24,"West","Male",0.421621621621622
"2293",180,75,450,"EUROPE",23,"West","Male",0.416666666666667
"2294",188,77,496,"NORTHERN_AMERICA",20,"West","Male",0.409574468085106
"2299",185,83,328,"ASIA",24,"East","Male",0.448648648648649
"2300",188,81,539,"EUROPE",19,"West","Male",0.430851063829787
"2301",178,70,553,"NORTHERN_AMERICA",18,"West","Male",0.393258426966292
"2302",193,90,381,"EUROPE",25,"West","Male",0.466321243523316
"2303",180,77,502,"EUROPE",19,"West","Male",0.427777777777778
"2305",188,75,558,"EUROPE",19,"West","Male",0.398936170212766
"2306",185,72,301,"EUROPE",24,"West","Male",0.389189189189189
"2307",193,91,119,"NORTHERN_AMERICA",22,"West","Male",0.471502590673575
"2309",183,74,278,"ASIA",27,"East","Male",0.404371584699454
"2310",183,80,306,"EUROPE",25,"West","Male",0.437158469945355
"2311",193,83,398,"EUROPE",21,"West","Male",0.430051813471503
"2313",183,75,243,"EUROPE",20,"West","Male",0.409836065573771
"2314",183,80,472,"EUROPE",17,"West","Male",0.437158469945355
"2315",183,72,568,"ASIA",21,"East","Male",0.39344262295082
"2316",193,86,536,"EUROPE",20,"West","Male",0.44559585492228
"2317",185,78,570,"EUROPE",24,"West","Male",0.421621621621622
"2318",178,82,522,"NORTHERN_AMERICA",26,"West","Male",0.460674157303371
"2319",185,71,543,"EUROPE",22,"West","Male",0.383783783783784
"2320",183,75,508,"EUROPE",22,"West","Male",0.409836065573771
"2322",191,84,565,"NORTHERN_AMERICA",23,"West","Male",0.43979057591623
"2323",183,78,567,"EUROPE",23,"West","Male",0.426229508196721
"2324",173,73,576,"ASIA",18,"East","Male",0.421965317919075
"2326",183,73,561,"EUROPE",20,"West","Male",0.398907103825137
"2328",178,68,287,"NORTHERN_AMERICA",25,"West","Male",0.382022471910112
"2329",191,88,552,"EUROPE",24,"West","Male",0.460732984293194
"2333",183,73,563,"OCEANIA",20,"West","Male",0.398907103825137
"2335",178,68,584,"EUROPE",26,"West","Male",0.382022471910112
"2336",178,70,349,"EUROPE",19,"West","Male",0.393258426966292
"2337",198,75,590,"EUROPE",22,"West","Male",0.378787878787879
"2339",180,73,585,"EUROPE",31,"West","Male",0.405555555555556
"2340",180,75,492,"ASIA",22,"East","Male",0.416666666666667
"2342",185,81,568,"EUROPE",25,"West","Male",0.437837837837838
"2343",196,86,150,"EUROPE",21,"West","Male",0.438775510204082
"2344",183,74,442,"NORTHERN_AMERICA",24,"West","Male",0.404371584699454
"2346",196,93,598,"EUROPE",22,"West","Male",0.474489795918367
"2348",185,80,339,"NORTHERN_AMERICA",23,"West","Male",0.432432432432432
"2349",188,80,574,"EUROPE",22,"West","Male",0.425531914893617
"2350",191,71,591,"EUROPE",19,"West","Male",0.371727748691099
"2351",178,73,599,"EUROPE",20,"West","Male",0.410112359550562
"2352",170,70,600,"EUROPE",19,"West","Male",0.411764705882353
"2353",180,73,585,"EUROPE",20,"West","Male",0.405555555555556
"2356",185,70,495,"NORTHERN_AMERICA",21,"West","Male",0.378378378378378
"2357",185,75,454,"EUROPE",21,"West","Male",0.405405405405405
"2358",180,70,427,"EUROPE",19,"West","Male",0.388888888888889
"2359",188,80,611,"EUROPE",21,"West","Male",0.425531914893617
"2364",183,78,285,"EUROPE",26,"West","Male",0.426229508196721
"2365",188,84,2,"EUROPE",24,"West","Male",0.446808510638298
"2367",180,77,349,"EUROPE",25,"West","Male",0.427777777777778
"2368",193,73,523,"NORTHERN_AMERICA",20,"West","Male",0.378238341968912
"2369",187,81,7,"NORTHERN_AMERICA",29,"West","Male",0.433155080213904
"2370",173,60,601,"ASIA",21,"East","Male",0.346820809248555
"2372",201,91,332,"NORTHERN_AMERICA",25,"West","Male",0.45273631840796
"2373",183,80,497,"EUROPE",20,"West","Male",0.437158469945355
"2374",180,64,518,"ASIA",23,"East","Male",0.355555555555556
"2375",183,80,625,"NORTHERN_AMERICA",26,"West","Male",0.437158469945355
"2377",188,83,623,"EUROPE",22,"West","Male",0.441489361702128
"2379",193,75,426,"ASIA",20,"East","Male",0.38860103626943
"2380",185,78,442,"EUROPE",19,"West","Male",0.421621621621622
"2382",175,76,589,"NORTHERN_AMERICA",24,"West","Male",0.434285714285714
"2383",191,78,538,"EUROPE",21,"West","Male",0.408376963350785
"2385",188,85,635,"EUROPE",22,"West","Male",0.452127659574468
"2386",185,82,394,"EUROPE",20,"West","Male",0.443243243243243
"2387",191,78,518,"EUROPE",20,"West","Male",0.408376963350785
"2388",196,89,638,"NORTHERN_AMERICA",25,"West","Male",0.454081632653061
"2389",175,68,489,"EUROPE",23,"West","Male",0.388571428571429
"2390",193,81,574,"EUROPE",21,"West","Male",0.419689119170984
"2391",180,80,386,"NORTHERN_AMERICA",20,"West","Male",0.444444444444444
"2392",183,82,470,"NORTHERN_AMERICA",20,"West","Male",0.448087431693989
"2394",196,80,503,"EUROPE",19,"West","Male",0.408163265306122
"2395",193,80,645,"EUROPE",24,"West","Male",0.414507772020725
"2396",191,85,631,"EUROPE",20,"West","Male",0.445026178010471
"2397",191,92,494,"EUROPE",24,"West","Male",0.481675392670157
"2398",180,82,519,"EUROPE",20,"West","Male",0.455555555555556
"2400",173,75,135,"EUROPE",30,"West","Male",0.433526011560694
"2401",188,82,259,"OCEANIA",22,"West","Male",0.436170212765957
"2403",183,68,650,"EUROPE",22,"West","Male",0.371584699453552
"2404",188,75,258,"EUROPE",21,"West","Male",0.398936170212766
"2405",191,72,530,"EUROPE",20,"West","Male",0.37696335078534
"2406",183,68,538,"EUROPE",24,"West","Male",0.371584699453552
"2407",183,75,458,"EUROPE",23,"West","Male",0.409836065573771
"2409",183,78,56,"EUROPE",26,"West","Male",0.426229508196721
"2411",180,72,332,"EUROPE",25,"West","Male",0.4
"2414",173,76,663,"ASIA",19,"East","Male",0.439306358381503
"2416",180,77,198,"NORTHERN_AMERICA",24,"West","Male",0.427777777777778
"2417",188,80,666,"NORTHERN_AMERICA",21,"West","Male",0.425531914893617
"2418",178,72,103,"EUROPE",30,"West","Male",0.404494382022472
"2422",173,68,566,"EUROPE",20,"West","Male",0.393063583815029
"2423",188,80,530,"EUROPE",26,"West","Male",0.425531914893617
"2424",188,78,641,"EUROPE",22,"West","Male",0.414893617021277
"2425",188,82,558,"NORTHERN_AMERICA",23,"West","Male",0.436170212765957
"2427",185,80,392,"EUROPE",19,"West","Male",0.432432432432432
"2428",183,71,217,"EUROPE",24,"West","Male",0.387978142076503
"2429",185,70,617,"ASIA",23,"East","Male",0.378378378378378
"2430",188,82,194,"EUROPE",22,"West","Male",0.436170212765957
"2431",183,78,264,"EUROPE",22,"West","Male",0.426229508196721
"2432",170,63,461,"EUROPE",21,"West","Male",0.370588235294118
"2433",196,84,679,"NORTHERN_AMERICA",23,"West","Male",0.428571428571429
"2434",185,74,538,"EUROPE",21,"West","Male",0.4
"2435",193,80,479,"EUROPE",21,"West","Male",0.414507772020725
"2436",185,78,685,"NORTHERN_AMERICA",22,"West","Male",0.421621621621622
"2438",178,80,279,"OCEANIA",25,"West","Male",0.449438202247191
"2439",183,76,688,"NORTHERN_AMERICA",21,"West","Male",0.415300546448087
"2441",196,96,132,"EUROPE",25,"West","Male",0.489795918367347
"2442",203,98,62,"EUROPE",26,"West","Male",0.482758620689655
"2443",180,72,558,"EUROPE",19,"West","Male",0.4
"2444",193,84,535,"EUROPE",22,"West","Male",0.435233160621762
"2445",183,75,569,"EUROPE",22,"West","Male",0.409836065573771
"2446",180,80,434,"ASIA",22,"East","Male",0.444444444444444
"2448",188,85,201,"EUROPE",24,"West","Male",0.452127659574468
"2449",178,82,582,"EUROPE",26,"West","Male",0.460674157303371
"2451",178,80,637,"EUROPE",23,"West","Male",0.449438202247191
"2454",188,85,692,"EUROPE",23,"West","Male",0.452127659574468
"2455",183,84,691,"EUROPE",24,"West","Male",0.459016393442623
"2456",183,77,693,"NORTHERN_AMERICA",24,"West","Male",0.420765027322404
"2457",206,94,595,"EUROPE",19,"West","Male",0.456310679611651
"2459",196,97,145,"EUROPE",28,"West","Male",0.494897959183673
"2460",191,80,540,"EUROPE",23,"West","Male",0.418848167539267
"2462",185,89,635,"EUROPE",24,"West","Male",0.481081081081081
"2463",185,79,188,"EUROPE",28,"West","Male",0.427027027027027
"2464",185,77,50,"EUROPE",36,"West","Male",0.416216216216216
"2466",185,70,688,"EUROPE",18,"West","Male",0.378378378378378
"2467",183,62,508,"ASIA",19,"East","Male",0.33879781420765
"2470",188,75,48,"NORTHERN_AMERICA",21,"West","Male",0.398936170212766
"2471",185,82,719,"NORTHERN_AMERICA",22,"West","Male",0.443243243243243
"2474",185,83,699,"EUROPE",18,"West","Male",0.448648648648649
"2476",178,70,455,"EUROPE",28,"West","Male",0.393258426966292
"2478",180,70,602,"EUROPE",20,"West","Male",0.388888888888889
"2479",178,72,563,"EUROPE",22,"West","Male",0.404494382022472
"2480",185,79,672,"NORTHERN_AMERICA",29,"West","Male",0.427027027027027
"2484",170,66,721,"NORTHERN_AMERICA",21,"West","Male",0.388235294117647
"2486",180,75,531,"ASIA",20,"East","Male",0.416666666666667
"2487",191,82,436,"NORTHERN_AMERICA",19,"West","Male",0.429319371727749
"2489",183,80,576,"ASIA",17,"East","Male",0.437158469945355
"2491",203,95,644,"NORTHERN_AMERICA",23,"West","Male",0.467980295566502
"2493",191,83,445,"EUROPE",22,"West","Male",0.43455497382199
"2495",183,73,695,"EUROPE",30,"West","Male",0.398907103825137
"2496",180,84,529,"NORTHERN_AMERICA",20,"West","Male",0.466666666666667
"2497",191,85,377,"EUROPE",20,"West","Male",0.445026178010471
"2498",180,75,664,"EUROPE",20,"West","Male",0.416666666666667
"2500",191,85,624,"EUROPE",21,"West","Male",0.445026178010471
"2501",183,77,587,"ASIA",28,"East","Male",0.420765027322404
"2502",183,79,33,"ASIA",23,"East","Male",0.431693989071038
"2504",178,69,751,"OCEANIA",18,"West","Male",0.387640449438202
"2506",178,70,733,"EUROPE",22,"West","Male",0.393258426966292
"2510",180,68,568,"EUROPE",22,"West","Male",0.377777777777778
"2511",188,85,226,"EUROPE",28,"West","Male",0.452127659574468
"2512",180,77,202,"EUROPE",24,"West","Male",0.427777777777778
"2514",193,80,532,"EUROPE",26,"West","Male",0.414507772020725
"2515",191,84,762,"OCEANIA",19,"West","Male",0.43979057591623
"2516",185,80,328,"EUROPE",23,"West","Male",0.432432432432432
"2520",178,70,763,"ASIA",23,"East","Male",0.393258426966292
"2523",188,78,359,"EUROPE",20,"West","Male",0.414893617021277
"2525",183,72,378,"ASIA",20,"East","Male",0.39344262295082
"2526",185,80,773,"EUROPE",23,"West","Male",0.432432432432432
"2528",180,77,689,"EUROPE",21,"West","Male",0.427777777777778
"2529",185,74,159,"EUROPE",20,"West","Male",0.4
"2536",188,85,775,"OCEANIA",25,"West","Male",0.452127659574468
"2537",175,70,602,"EUROPE",23,"West","Male",0.4
"2538",183,81,390,"EUROPE",22,"West","Male",0.442622950819672
"2541",188,88,641,"EUROPE",21,"West","Male",0.468085106382979
"2546",196,84,684,"EUROPE",23,"West","Male",0.428571428571429
"2547",185,78,676,"EUROPE",19,"West","Male",0.421621621621622
"2549",173,64,795,"ASIA",20,"East","Male",0.369942196531792
"2550",180,63,796,"EUROPE",19,"West","Male",0.35
"2551",175,68,610,"ASIA",21,"East","Male",0.388571428571429
"2555",180,77,261,"ASIA",28,"East","Male",0.427777777777778
"2556",183,80,356,"OCEANIA",26,"West","Male",0.437158469945355
"2558",188,80,804,"EUROPE",18,"West","Male",0.425531914893617
"2560",183,75,804,"NORTHERN_AMERICA",22,"West","Male",0.409836065573771
"2561",193,84,531,"EUROPE",25,"West","Male",0.435233160621762
"2562",180,74,640,"EUROPE",22,"West","Male",0.411111111111111
"2566",183,79,803,"ASIA",26,"East","Male",0.431693989071038
"2567",183,73,756,"NORTHERN_AMERICA",23,"West","Male",0.398907103825137
"2568",180,74,661,"EUROPE",18,"West","Male",0.411111111111111
"2571",185,82,20,"EUROPE",23,"West","Male",0.443243243243243
"2578",188,80,387,"EUROPE",19,"West","Male",0.425531914893617
"2579",180,75,823,"ASIA",22,"East","Male",0.416666666666667
"2580",180,80,618,"EUROPE",19,"West","Male",0.444444444444444
"2581",180,80,202,"EUROPE",23,"West","Male",0.444444444444444
"2582",183,78,777,"OCEANIA",25,"West","Male",0.426229508196721
"2584",193,81,466,"EUROPE",24,"West","Male",0.419689119170984
"2585",183,76,742,"NORTHERN_AMERICA",29,"West","Male",0.415300546448087
"2586",188,80,829,"EUROPE",24,"West","Male",0.425531914893617
"2591",203,104,161,"EUROPE",22,"West","Male",0.512315270935961
"2592",188,88,445,"EUROPE",25,"West","Male",0.468085106382979
"2594",198,78,825,"ASIA",21,"East","Male",0.393939393939394
"2596",191,85,706,"NORTHERN_AMERICA",20,"West","Male",0.445026178010471
"2598",185,77,743,"EUROPE",20,"West","Male",0.416216216216216
"2600",183,86,837,"EUROPE",25,"West","Male",0.469945355191257
"2602",183,86,9,"EUROPE",25,"West","Male",0.469945355191257
"2605",180,70,279,"EUROPE",26,"West","Male",0.388888888888889
"2607",203,94,14,"EUROPE",22,"West","Male",0.463054187192118
"2610",180,70,847,"ASIA",18,"East","Male",0.388888888888889
"2611",175,70,838,"EUROPE",21,"West","Male",0.4
"2612",180,73,200,"EUROPE",26,"West","Male",0.405555555555556
"2616",183,80,298,"ASIA",19,"East","Male",0.437158469945355
"2617",180,68,245,"EUROPE",20,"West","Male",0.377777777777778
"2618",183,65,638,"ASIA",24,"East","Male",0.355191256830601
"2621",175,68,514,"ASIA",19,"East","Male",0.388571428571429
"2623",191,75,348,"OCEANIA",20,"West","Male",0.392670157068063
"2624",190,85,230,"EUROPE",29,"West","Male",0.447368421052632
"2627",196,92,680,"EUROPE",22,"West","Male",0.469387755102041
"2629",183,80,255,"EUROPE",27,"West","Male",0.437158469945355
"2630",183,76,503,"EUROPE",23,"West","Male",0.415300546448087
"2634",191,88,820,"EUROPE",23,"West","Male",0.460732984293194
"2641",198,81,786,"EUROPE",21,"West","Male",0.409090909090909
"2642",185,77,559,"NORTHERN_AMERICA",17,"West","Male",0.416216216216216
"2647",183,72,487,"EUROPE",25,"West","Male",0.39344262295082
"2648",185,81,885,"EUROPE",19,"West","Male",0.437837837837838
"2650",183,80,146,"EUROPE",28,"West","Male",0.437158469945355
"2651",178,76,887,"EUROPE",20,"West","Male",0.426966292134831
"2653",191,78,733,"EUROPE",22,"West","Male",0.408376963350785
"2655",183,60,239,"OCEANIA",19,"West","Male",0.327868852459016
"2657",191,88,598,"EUROPE",28,"West","Male",0.460732984293194
"2659",188,81,679,"ASIA",19,"East","Male",0.430851063829787
"2660",188,84,438,"NORTHERN_AMERICA",20,"West","Male",0.446808510638298
"2661",183,80,813,"EUROPE",22,"West","Male",0.437158469945355
"2662",180,72,360,"EUROPE",26,"West","Male",0.4
"2663",191,86,174,"EUROPE",23,"West","Male",0.450261780104712
"2665",183,78,898,"EUROPE",23,"West","Male",0.426229508196721
"2666",188,82,872,"NORTHERN_AMERICA",20,"West","Male",0.436170212765957
"2668",173,68,676,"NORTHERN_AMERICA",23,"West","Male",0.393063583815029
"2670",175,73,522,"EUROPE",19,"West","Male",0.417142857142857
"2672",185,64,760,"NORTHERN_AMERICA",19,"West","Male",0.345945945945946
"2673",191,86,906,"NORTHERN_AMERICA",22,"West","Male",0.450261780104712
"2674",178,70,892,"EUROPE",19,"West","Male",0.393258426966292
"2675",185,95,908,"NORTHERN_AMERICA",23,"West","Male",0.513513513513513
"2676",183,68,812,"EUROPE",19,"West","Male",0.371584699453552
"2677",185,81,871,"EUROPE",18,"West","Male",0.437837837837838
"2679",185,80,214,"EUROPE",29,"West","Male",0.432432432432432
"2681",198,86,912,"EUROPE",27,"West","Male",0.434343434343434
"2682",188,75,235,"EUROPE",25,"West","Male",0.398936170212766
"2683",188,81,484,"EUROPE",21,"West","Male",0.430851063829787
"2684",185,74,12,"EUROPE",26,"West","Male",0.4
"2688",178,70,393,"EUROPE",24,"West","Male",0.393258426966292
"2693",180,78,487,"EUROPE",24,"West","Male",0.433333333333333
"2694",193,85,887,"EUROPE",21,"West","Male",0.440414507772021
"2697",178,70,879,"ASIA",19,"East","Male",0.393258426966292
"2699",196,92,623,"EUROPE",25,"West","Male",0.469387755102041
"2700",175,67,929,"ASIA",20,"East","Male",0.382857142857143
"2705",183,75,787,"EUROPE",20,"West","Male",0.409836065573771
"2706",193,85,749,"OCEANIA",22,"West","Male",0.440414507772021
"2707",180,80,737,"EUROPE",22,"West","Male",0.444444444444444
"2708",185,75,756,"EUROPE",21,"West","Male",0.405405405405405
"2710",193,77,886,"ASIA",24,"East","Male",0.398963730569948
"2713",183,78,941,"EUROPE",22,"West","Male",0.426229508196721
"2714",188,85,219,"EUROPE",23,"West","Male",0.452127659574468
"2717",188,75,365,"ASIA",23,"East","Male",0.398936170212766
"2718",188,82,229,"EUROPE",28,"West","Male",0.436170212765957
"2720",180,71,605,"EUROPE",19,"West","Male",0.394444444444444
"2721",180,70,914,"EUROPE",23,"West","Male",0.388888888888889
"2722",191,80,592,"EUROPE",26,"West","Male",0.418848167539267
"2723",193,82,676,"EUROPE",19,"West","Male",0.424870466321244
"2724",193,100,42,"EUROPE",29,"West","Male",0.518134715025907
"2729",191,77,957,"NORTHERN_AMERICA",28,"West","Male",0.403141361256544
"2730",188,86,956,"OCEANIA",23,"West","Male",0.457446808510638
"2731",175,77,660,"NORTHERN_AMERICA",26,"West","Male",0.44
"2732",170,68,574,"ASIA",24,"East","Male",0.4
"2734",175,65,958,"ASIA",21,"East","Male",0.371428571428571
"2739",191,80,957,"NORTHERN_AMERICA",21,"West","Male",0.418848167539267
"2740",191,86,609,"EUROPE",23,"West","Male",0.450261780104712
"2741",183,77,540,"NORTHERN_AMERICA",17,"West","Male",0.420765027322404
"2742",178,74,560,"EUROPE",22,"West","Male",0.415730337078652
"2744",183,74,575,"NORTHERN_AMERICA",17,"West","Male",0.404371584699454
"2745",193,89,21,"EUROPE",34,"West","Male",0.461139896373057
"2746",185,75,83,"ASIA",25,"East","Male",0.405405405405405
"2748",191,80,693,"ASIA",26,"East","Male",0.418848167539267
"2749",188,82,813,"EUROPE",21,"West","Male",0.436170212765957
"2752",178,70,465,"EUROPE",20,"West","Male",0.393258426966292
"2753",188,72,694,"OCEANIA",19,"West","Male",0.382978723404255
"2754",185,80,726,"EUROPE",20,"West","Male",0.432432432432432
"2755",170,66,913,"ASIA",24,"East","Male",0.388235294117647
"2757",193,89,686,"EUROPE",26,"West","Male",0.461139896373057
"2758",180,70,844,"EUROPE",21,"West","Male",0.388888888888889
"2761",188,84,980,"EUROPE",26,"West","Male",0.446808510638298
"2764",183,79,65,"EUROPE",23,"West","Male",0.431693989071038
"2765",178,75,335,"ASIA",28,"East","Male",0.421348314606742
"2766",180,74,455,"EUROPE",23,"West","Male",0.411111111111111
"2773",188,80,449,"NORTHERN_AMERICA",19,"West","Male",0.425531914893617
"2775",183,78,468,"EUROPE",20,"West","Male",0.426229508196721
"2777",183,74,287,"ASIA",27,"East","Male",0.404371584699454
"2778",175,75,68,"EUROPE",34,"West","Male",0.428571428571429
"2780",188,80,395,"ASIA",21,"East","Male",0.425531914893617
"2782",175,78,996,"ASIA",22,"East","Male",0.445714285714286
"2785",185,68,555,"EUROPE",16,"West","Male",0.367567567567568
"2788",191,85,1010,"EUROPE",22,"West","Male",0.445026178010471
"2789",175,59,1009,"NORTHERN_AMERICA",16,"West","Male",0.337142857142857
"2792",178,69,509,"ASIA",20,"East","Male",0.387640449438202
"2795",196,93,440,"NORTHERN_AMERICA",23,"West","Male",0.474489795918367
"2796",191,85,183,"OCEANIA",24,"West","Male",0.445026178010471
"2801",183,88,876,"ASIA",24,"East","Male",0.480874316939891
"2802",196,85,594,"EUROPE",27,"West","Male",0.433673469387755
"2803",175,73,102,"ASIA",22,"East","Male",0.417142857142857
"2805",198,88,26,"EUROPE",27,"West","Male",0.444444444444444
"2806",188,79,998,"ASIA",18,"East","Male",0.420212765957447
"2808",183,74,606,"OCEANIA",25,"West","Male",0.404371584699454
"2809",193,90,283,"EUROPE",25,"West","Male",0.466321243523316
"2812",185,78,13,"EUROPE",24,"West","Male",0.421621621621622
"2819",185,70,1027,"ASIA",23,"East","Male",0.378378378378378
"2822",196,91,1038,"EUROPE",24,"West","Male",0.464285714285714
"2824",180,78,1040,"EUROPE",22,"West","Male",0.433333333333333
"2825",170,68,1013,"ASIA",17,"East","Male",0.4
"2827",178,72,1012,"EUROPE",22,"West","Male",0.404494382022472
"2829",188,73,694,"EUROPE",24,"West","Male",0.388297872340426
"2830",188,79,489,"EUROPE",22,"West","Male",0.420212765957447
"2834",191,82,990,"OCEANIA",23,"West","Male",0.429319371727749
"2836",183,75,759,"EUROPE",21,"West","Male",0.409836065573771
"2839",201,93,1026,"EUROPE",20,"West","Male",0.462686567164179
"2840",173,65,738,"EUROPE",27,"West","Male",0.375722543352601
"2842",180,68,1052,"EUROPE",22,"West","Male",0.377777777777778
"2843",193,84,459,"OCEANIA",24,"West","Male",0.435233160621762
"2844",188,80,68,"EUROPE",26,"West","Male",0.425531914893617
"2845",170,69,405,"EUROPE",26,"West","Male",0.405882352941176
"2846",193,85,377,"EUROPE",27,"West","Male",0.440414507772021
"2850",185,74,340,"EUROPE",23,"West","Male",0.4
"2858",180,80,327,"EUROPE",23,"West","Male",0.444444444444444
"2861",183,73,25,"EUROPE",25,"West","Male",0.398907103825137
"2863",188,73,986,"EUROPE",19,"West","Male",0.388297872340426
"2864",180,70,625,"NORTHERN_AMERICA",19,"West","Male",0.388888888888889
"2865",178,69,870,"ASIA",19,"East","Male",0.387640449438202
"2866",185,80,672,"EUROPE",20,"West","Male",0.432432432432432
"2868",183,75,750,"NORTHERN_AMERICA",24,"West","Male",0.409836065573771
"2871",178,69,1074,"EUROPE",17,"West","Male",0.387640449438202
"2872",183,90,954,"EUROPE",19,"West","Male",0.491803278688525
"2873",178,72,35,"EUROPE",33,"West","Male",0.404494382022472
"2876",173,64,839,"OCEANIA",19,"West","Male",0.369942196531792
"2877",185,83,753,"ASIA",20,"East","Male",0.448648648648649
"2878",177,70,962,"EUROPE",23,"West","Male",0.395480225988701
"2879",185,83,537,"EUROPE",21,"West","Male",0.448648648648649
"2885",185,80,548,"EUROPE",21,"West","Male",0.432432432432432
"2889",180,72,244,"EUROPE",23,"West","Male",0.4
"2891",188,85,605,"ASIA",23,"East","Male",0.452127659574468
"2893",183,78,815,"EUROPE",22,"West","Male",0.426229508196721
"2894",175,73,639,"OCEANIA",18,"West","Male",0.417142857142857
"2898",175,70,830,"EUROPE",21,"West","Male",0.4
"2899",191,82,848,"EUROPE",23,"West","Male",0.429319371727749
"2901",191,83,956,"ASIA",21,"East","Male",0.43455497382199
"2902",193,86,551,"EUROPE",27,"West","Male",0.44559585492228
"2903",188,83,323,"EUROPE",25,"West","Male",0.441489361702128
"2908",191,86,1101,"NORTHERN_AMERICA",22,"West","Male",0.450261780104712
"2909",175,74,167,"EUROPE",23,"West","Male",0.422857142857143
"2910",196,91,977,"EUROPE",24,"West","Male",0.464285714285714
"2911",185,81,1051,"EUROPE",19,"West","Male",0.437837837837838
"2913",183,72,867,"EUROPE",22,"West","Male",0.39344262295082
"2915",188,77,1048,"EUROPE",21,"West","Male",0.409574468085106
"2916",175,72,606,"OCEANIA",19,"West","Male",0.411428571428571
"2917",183,79,477,"EUROPE",24,"West","Male",0.431693989071038
"2919",180,65,724,"EUROPE",22,"West","Male",0.361111111111111
"2930",175,70,545,"ASIA",23,"East","Male",0.4
"2931",188,89,184,"EUROPE",25,"West","Male",0.473404255319149
"2932",198,93,988,"NORTHERN_AMERICA",19,"West","Male",0.46969696969697
"2936",180,74,464,"EUROPE",22,"West","Male",0.411111111111111
"2938",198,76,575,"NORTHERN_AMERICA",20,"West","Male",0.383838383838384
"2944",183,81,43,"EUROPE",26,"West","Male",0.442622950819672
"2947",183,79,117,"EUROPE",29,"West","Male",0.431693989071038
"2949",180,70,1131,"NORTHERN_AMERICA",18,"West","Male",0.388888888888889
"2950",178,82,1067,"EUROPE",20,"West","Male",0.460674157303371
"2951",180,74,1142,"NORTHERN_AMERICA",18,"West","Male",0.411111111111111
"2957",185,85,52,"EUROPE",28,"West","Male",0.459459459459459
"2961",183,82,465,"EUROPE",25,"West","Male",0.448087431693989
"2965",185,74,1088,"EUROPE",23,"West","Male",0.4
"2971",173,73,1157,"OCEANIA",20,"West","Male",0.421965317919075
"2972",180,77,236,"EUROPE",22,"West","Male",0.427777777777778
"2977",185,77,1154,"EUROPE",27,"West","Male",0.416216216216216
"2978",187,84,1132,"NORTHERN_AMERICA",21,"West","Male",0.449197860962567
"2979",175,75,877,"ASIA",22,"East","Male",0.428571428571429
"2980",170,68,1173,"ASIA",23,"East","Male",0.4
"2981",180,70,1093,"EUROPE",27,"West","Male",0.388888888888889
"2982",175,72,951,"EUROPE",19,"West","Male",0.411428571428571
"2984",180,74,1014,"ASIA",20,"East","Male",0.411111111111111
"2990",178,73,294,"ASIA",23,"East","Male",0.410112359550562
"2993",183,65,431,"EUROPE",24,"West","Male",0.355191256830601
"2996",183,72,239,"EUROPE",23,"West","Male",0.39344262295082
"2997",193,88,571,"EUROPE",21,"West","Male",0.455958549222798
"3000",185,81,257,"ASIA",22,"East","Male",0.437837837837838
"3002",193,86,1187,"NORTHERN_AMERICA",22,"West","Male",0.44559585492228
"3004",188,86,858,"NORTHERN_AMERICA",19,"West","Male",0.457446808510638
"3005",183,68,1173,"EUROPE",19,"West","Male",0.371584699453552
"3007",178,73,1070,"EUROPE",21,"West","Male",0.410112359550562
"3010",188,79,601,"EUROPE",22,"West","Male",0.420212765957447
"3013",188,82,960,"EUROPE",25,"West","Male",0.436170212765957
"3017",193,77,609,"EUROPE",22,"West","Male",0.398963730569948
"3018",188,74,323,"OCEANIA",24,"West","Male",0.393617021276596
"3022",196,105,704,"EUROPE",17,"West","Male",0.535714285714286
"3023",185,80,304,"EUROPE",20,"West","Male",0.432432432432432
"3025",175,65,1208,"OCEANIA",20,"West","Male",0.371428571428571
"3029",185,76,935,"EUROPE",21,"West","Male",0.410810810810811
"3032",170,65,1217,"EUROPE",22,"West","Male",0.382352941176471
"3033",183,80,1210,"NORTHERN_AMERICA",25,"West","Male",0.437158469945355
"3034",175,68,956,"ASIA",22,"East","Male",0.388571428571429
"3042",178,75,1030,"NORTHERN_AMERICA",22,"West","Male",0.421348314606742
"3046",193,84,179,"OCEANIA",21,"West","Male",0.435233160621762
"3047",188,84,1226,"NORTHERN_AMERICA",24,"West","Male",0.446808510638298
"3050",180,80,393,"ASIA",23,"East","Male",0.444444444444444
"3053",180,67,1234,"EUROPE",22,"West","Male",0.372222222222222
"3055",178,80,1147,"ASIA",24,"East","Male",0.449438202247191
"3056",188,84,637,"EUROPE",26,"West","Male",0.446808510638298
"3065",180,78,1223,"EUROPE",22,"West","Male",0.433333333333333
"3069",180,78,919,"EUROPE",22,"West","Male",0.433333333333333
"3070",183,79,839,"EUROPE",20,"West","Male",0.431693989071038
"3071",183,80,403,"EUROPE",22,"West","Male",0.437158469945355
"3072",198,90,568,"EUROPE",26,"West","Male",0.454545454545455
"3076",178,70,1238,"ASIA",19,"East","Male",0.393258426966292
"3079",183,77,209,"EUROPE",26,"West","Male",0.420765027322404
"3093",163,68,1248,"ASIA",18,"East","Male",0.417177914110429
"3100",188,75,154,"EUROPE",23,"West","Male",0.398936170212766
"3101",185,75,650,"EUROPE",19,"West","Male",0.405405405405405
"3103",191,83,255,"EUROPE",24,"West","Male",0.43455497382199
"3122",180,80,756,"EUROPE",18,"West","Male",0.444444444444444
"3124",180,72,1041,"EUROPE",20,"West","Male",0.4
"3125",188,92,1008,"OCEANIA",19,"West","Male",0.48936170212766
"3132",170,72,206,"EUROPE",23,"West","Male",0.423529411764706
"3135",185,74,1078,"EUROPE",22,"West","Male",0.4
"3136",188,78,1179,"EUROPE",18,"West","Male",0.414893617021277
"3137",178,70,873,"EUROPE",22,"West","Male",0.393258426966292
"3139",183,80,481,"EUROPE",21,"West","Male",0.437158469945355
"3140",185,88,674,"EUROPE",21,"West","Male",0.475675675675676
"3141",191,95,1212,"NORTHERN_AMERICA",24,"West","Male",0.49738219895288
"3142",185,88,1225,"ASIA",18,"East","Male",0.475675675675676
"3143",193,77,918,"NORTHERN_AMERICA",25,"West","Male",0.398963730569948
"3144",185,90,763,"EUROPE",22,"West","Male",0.486486486486487
"3146",185,76,228,"EUROPE",23,"West","Male",0.410810810810811
"3150",173,78,443,"EUROPE",24,"West","Male",0.450867052023121
"3151",191,84,363,"EUROPE",24,"West","Male",0.43979057591623
"3154",178,73,185,"EUROPE",26,"West","Male",0.410112359550562
"3155",175,67,695,"EUROPE",20,"West","Male",0.382857142857143
"3159",183,77,992,"NORTHERN_AMERICA",27,"West","Male",0.420765027322404
"3165",183,85,795,"ASIA",24,"East","Male",0.46448087431694
"3168",188,82,510,"NORTHERN_AMERICA",23,"West","Male",0.436170212765957
"3170",178,76,842,"ASIA",27,"East","Male",0.426966292134831
"3171",185,85,600,"NORTHERN_AMERICA",18,"West","Male",0.459459459459459
"3172",183,80,8,"EUROPE",29,"West","Male",0.437158469945355
"3173",183,75,281,"EUROPE",23,"West","Male",0.409836065573771
"3175",193,89,1066,"NORTHERN_AMERICA",19,"West","Male",0.461139896373057
"3176",183,80,433,"EUROPE",25,"West","Male",0.437158469945355
"3178",180,76,850,"EUROPE",21,"West","Male",0.422222222222222
"3182",180,64,514,"EUROPE",20,"West","Male",0.355555555555556
"3183",188,93,820,"NORTHERN_AMERICA",32,"West","Male",0.49468085106383
"3185",183,81,1330,"EUROPE",24,"West","Male",0.442622950819672
"3187",178,74,276,"EUROPE",22,"West","Male",0.415730337078652
"3188",180,75,1333,"ASIA",19,"East","Male",0.416666666666667
"3190",183,77,823,"EUROPE",22,"West","Male",0.420765027322404
"3191",178,71,770,"EUROPE",20,"West","Male",0.398876404494382
"3192",180,72,62,"ASIA",26,"East","Male",0.4
"3193",188,82,516,"NORTHERN_AMERICA",23,"West","Male",0.436170212765957
"3196",180,79,955,"EUROPE",22,"West","Male",0.438888888888889
"3201",191,90,560,"EUROPE",20,"West","Male",0.471204188481675
"3202",175,78,147,"EUROPE",22,"West","Male",0.445714285714286
"3208",188,87,350,"EUROPE",20,"West","Male",0.462765957446808
"3210",193,79,158,"NORTHERN_AMERICA",23,"West","Male",0.409326424870466
"3211",183,85,204,"EUROPE",23,"West","Male",0.46448087431694
"3213",180,70,996,"NORTHERN_AMERICA",19,"West","Male",0.388888888888889
"3217",185,84,57,"EUROPE",29,"West","Male",0.454054054054054
"3218",188,83,1156,"ASIA",21,"East","Male",0.441489361702128
"3221",175,70,1359,"ASIA",20,"East","Male",0.4
"3224",183,80,607,"ASIA",21,"East","Male",0.437158469945355
"3225",193,84,480,"EUROPE",22,"West","Male",0.435233160621762
"3229",183,80,215,"EUROPE",26,"West","Male",0.437158469945355
"3231",180,77,426,"NORTHERN_AMERICA",25,"West","Male",0.427777777777778
"3240",170,66,1367,"ASIA",25,"East","Male",0.388235294117647
"3241",185,82,1269,"OCEANIA",19,"West","Male",0.443243243243243
"3245",180,79,1308,"NORTHERN_AMERICA",18,"West","Male",0.438888888888889
"3250",178,70,1373,"NORTHERN_AMERICA",18,"West","Male",0.393258426966292
"3264",185,75,1386,"NORTHERN_AMERICA",18,"West","Male",0.405405405405405
"3265",193,88,675,"EUROPE",20,"West","Male",0.455958549222798
"3268",183,83,820,"EUROPE",22,"West","Male",0.453551912568306
"3269",175,72,1220,"EUROPE",20,"West","Male",0.411428571428571
"3273",178,75,1401,"ASIA",23,"East","Male",0.421348314606742
"3282",183,72,1373,"OCEANIA",21,"West","Male",0.39344262295082
"3286",185,78,1314,"EUROPE",23,"West","Male",0.421621621621622
"3287",185,78,1394,"EUROPE",22,"West","Male",0.421621621621622
"3292",175,77,1418,"EUROPE",21,"West","Male",0.44
"3293",188,78,684,"EUROPE",26,"West","Male",0.414893617021277
"3302",188,82,763,"EUROPE",19,"West","Male",0.436170212765957
"3303",183,80,636,"NORTHERN_AMERICA",23,"West","Male",0.437158469945355
"3304",191,80,1130,"EUROPE",21,"West","Male",0.418848167539267
"3307",185,75,1234,"EUROPE",19,"West","Male",0.405405405405405
"3308",196,92,650,"EUROPE",23,"West","Male",0.469387755102041
"3311",193,92,1078,"NORTHERN_AMERICA",27,"West","Male",0.476683937823834
"3314",196,79,522,"EUROPE",22,"West","Male",0.403061224489796
"3316",175,78,1025,"EUROPE",26,"West","Male",0.445714285714286
"3319",196,84,1091,"EUROPE",24,"West","Male",0.428571428571429
"3321",178,68,896,"NORTHERN_AMERICA",19,"West","Male",0.382022471910112
"3327",183,70,478,"NORTHERN_AMERICA",26,"West","Male",0.382513661202186
"3331",178,75,916,"NORTHERN_AMERICA",26,"West","Male",0.421348314606742
"3335",180,65,1436,"EUROPE",21,"West","Male",0.361111111111111
"3336",188,85,893,"EUROPE",20,"West","Male",0.452127659574468
"3341",180,75,488,"EUROPE",25,"West","Male",0.416666666666667
"3342",183,79,746,"EUROPE",21,"West","Male",0.431693989071038
"3345",180,74,452,"ASIA",24,"East","Male",0.411111111111111
"3346",185,83,986,"EUROPE",18,"West","Male",0.448648648648649
"3347",180,75,869,"EUROPE",22,"West","Male",0.416666666666667
"3349",178,71,818,"EUROPE",23,"West","Male",0.398876404494382
"3350",180,65,655,"ASIA",24,"East","Male",0.361111111111111
"3353",175,68,943,"EUROPE",25,"West","Male",0.388571428571429
"3357",183,70,1379,"ASIA",22,"East","Male",0.382513661202186
"3358",188,84,845,"NORTHERN_AMERICA",22,"West","Male",0.446808510638298
"3359",173,74,200,"EUROPE",26,"West","Male",0.427745664739884
"3361",185,80,503,"NORTHERN_AMERICA",22,"West","Male",0.432432432432432
"3362",180,75,256,"EUROPE",21,"West","Male",0.416666666666667
"3365",180,75,978,"NORTHERN_AMERICA",23,"West","Male",0.416666666666667
"3374",188,83,241,"EUROPE",25,"West","Male",0.441489361702128
"3380",178,75,716,"NORTHERN_AMERICA",25,"West","Male",0.421348314606742
"3383",182,84,708,"EUROPE",22,"West","Male",0.461538461538462
"3391",185,85,1000,"EUROPE",24,"West","Male",0.459459459459459
"3394",170,76,507,"ASIA",24,"East","Male",0.447058823529412
"3397",188,75,439,"EUROPE",27,"West","Male",0.398936170212766
"3405",173,63,583,"EUROPE",21,"West","Male",0.364161849710983
"3408",183,77,1265,"NORTHERN_AMERICA",18,"West","Male",0.420765027322404
"3418",180,77,1248,"ASIA",19,"East","Male",0.427777777777778
"3419",178,78,813,"EUROPE",19,"West","Male",0.438202247191011
"3423",187,83,234,"EUROPE",23,"West","Male",0.443850267379679
"3427",185,72,1035,"EUROPE",22,"West","Male",0.389189189189189
"3428",185,79,1056,"EUROPE",26,"West","Male",0.427027027027027
"3431",191,85,154,"EUROPE",27,"West","Male",0.445026178010471
"3435",175,70,655,"EUROPE",25,"West","Male",0.4
"3438",180,75,907,"EUROPE",22,"West","Male",0.416666666666667
"3439",185,75,1062,"ASIA",27,"East","Male",0.405405405405405
"3441",185,80,733,"NORTHERN_AMERICA",25,"West","Male",0.432432432432432
"3442",178,76,898,"OCEANIA",23,"West","Male",0.426966292134831
"3443",178,76,465,"EUROPE",24,"West","Male",0.426966292134831
"3446",170,68,711,"EUROPE",21,"West","Male",0.4
"3450",178,75,1028,"EUROPE",20,"West","Male",0.421348314606742
"3452",191,81,766,"EUROPE",19,"West","Male",0.424083769633508
"3453",178,72,1500,"EUROPE",19,"West","Male",0.404494382022472
"3454",180,72,673,"EUROPE",25,"West","Male",0.4
"3456",191,84,163,"EUROPE",25,"West","Male",0.43979057591623
"3472",198,87,671,"EUROPE",24,"West","Male",0.439393939393939
"3477",180,73,1143,"EUROPE",18,"West","Male",0.405555555555556
"3482",191,84,732,"ASIA",22,"East","Male",0.43979057591623
"3487",193,82,1087,"EUROPE",19,"West","Male",0.424870466321244
"3490",185,80,813,"EUROPE",22,"West","Male",0.432432432432432
"3491",185,90,1182,"EUROPE",19,"West","Male",0.486486486486487
"3501",187,75,819,"EUROPE",22,"West","Male",0.401069518716578
"3503",168,62,1172,"ASIA",20,"East","Male",0.369047619047619
"3504",182,83,985,"OCEANIA",17,"West","Male",0.456043956043956
"3511",182,70,825,"EUROPE",26,"West","Male",0.384615384615385
"3512",185,80,743,"EUROPE",26,"West","Male",0.432432432432432
"3516",195,90,1212,"EUROPE",19,"West","Male",0.461538461538462
"3522",183,85,1471,"OCEANIA",24,"West","Male",0.46448087431694
"3525",188,84,1008,"EUROPE",20,"West","Male",0.446808510638298
"3526",191,84,806,"EUROPE",20,"West","Male",0.43979057591623
"3528",188,80,768,"OCEANIA",20,"West","Male",0.425531914893617
"3531",180,86,563,"NORTHERN_AMERICA",23,"West","Male",0.477777777777778
"3533",183,70,409,"EUROPE",20,"West","Male",0.382513661202186
"3535",185,82,985,"EUROPE",26,"West","Male",0.443243243243243
"3536",180,67,1536,"ASIA",19,"East","Male",0.372222222222222
"3538",191,88,1498,"EUROPE",18,"West","Male",0.460732984293194
"3550",170,67,684,"ASIA",21,"East","Male",0.394117647058824
"3555",178,72,202,"EUROPE",21,"West","Male",0.404494382022472
"3559",188,80,406,"EUROPE",23,"West","Male",0.425531914893617
"3563",185,75,1223,"ASIA",24,"East","Male",0.405405405405405
"3568",188,77,644,"NORTHERN_AMERICA",21,"West","Male",0.409574468085106
"3572",198,91,1037,"NORTHERN_AMERICA",19,"West","Male",0.45959595959596
"3575",185,75,848,"ASIA",21,"East","Male",0.405405405405405
"3580",180,80,954,"NORTHERN_AMERICA",27,"West","Male",0.444444444444444
"3583",196,88,1580,"NORTHERN_AMERICA",26,"West","Male",0.448979591836735
"3584",182,73,1551,"EUROPE",22,"West","Male",0.401098901098901
"3585",175,71,626,"EUROPE",24,"West","Male",0.405714285714286
"3587",185,80,792,"EUROPE",23,"West","Male",0.432432432432432
"3589",170,60,1086,"ASIA",19,"East","Male",0.352941176470588
"3590",183,80,781,"NORTHERN_AMERICA",25,"West","Male",0.437158469945355
"3591",180,77,955,"NORTHERN_AMERICA",22,"West","Male",0.427777777777778
"3593",198,89,1291,"EUROPE",27,"West","Male",0.44949494949495
"3594",191,81,1080,"OCEANIA",18,"West","Male",0.424083769633508
"3599",191,80,1507,"EUROPE",24,"West","Male",0.418848167539267
"3601",188,80,671,"EUROPE",24,"West","Male",0.425531914893617
"3604",188,82,417,"EUROPE",26,"West","Male",0.436170212765957
"3607",180,78,1062,"EUROPE",19,"West","Male",0.433333333333333
"3611",188,79,817,"EUROPE",22,"West","Male",0.420212765957447
"3613",173,73,250,"EUROPE",23,"West","Male",0.421965317919075
"3616",203,94,366,"EUROPE",26,"West","Male",0.463054187192118
"3622",191,75,1530,"OCEANIA",24,"West","Male",0.392670157068063
"3625",183,80,204,"OCEANIA",22,"West","Male",0.437158469945355
"3628",175,73,1142,"EUROPE",20,"West","Male",0.417142857142857
"3632",191,84,1591,"ASIA",26,"East","Male",0.43979057591623
"3643",183,77,190,"NORTHERN_AMERICA",24,"West","Male",0.420765027322404
"3645",178,85,577,"ASIA",22,"East","Male",0.47752808988764
"3648",191,82,1442,"EUROPE",23,"West","Male",0.429319371727749
"3650",180,75,362,"EUROPE",26,"West","Male",0.416666666666667
"3659",183,80,267,"EUROPE",21,"West","Male",0.437158469945355
"3660",185,76,74,"EUROPE",28,"West","Male",0.410810810810811
"3663",173,64,1024,"EUROPE",23,"West","Male",0.369942196531792
"3664",191,86,1065,"EUROPE",25,"West","Male",0.450261780104712
"3665",196,90,460,"EUROPE",20,"West","Male",0.459183673469388
"3666",178,66,984,"ASIA",20,"East","Male",0.370786516853933
"3667",191,86,877,"ASIA",21,"East","Male",0.450261780104712
"3671",183,74,915,"EUROPE",19,"West","Male",0.404371584699454
"3687",183,80,174,"NORTHERN_AMERICA",26,"West","Male",0.437158469945355
"3693",180,78,1580,"EUROPE",21,"West","Male",0.433333333333333
"3696",180,80,300,"EUROPE",26,"West","Male",0.444444444444444
"3697",193,85,306,"EUROPE",22,"West","Male",0.440414507772021
"3704",188,75,633,"EUROPE",21,"West","Male",0.398936170212766
"3707",183,74,1140,"OCEANIA",18,"West","Male",0.404371584699454
"3718",183,79,958,"NORTHERN_AMERICA",21,"West","Male",0.431693989071038
"3720",180,75,1356,"EUROPE",19,"West","Male",0.416666666666667
"3723",173,60,1102,"ASIA",23,"East","Male",0.346820809248555
"3739",193,84,1600,"NORTHERN_AMERICA",25,"West","Male",0.435233160621762
"3750",191,80,234,"EUROPE",25,"West","Male",0.418848167539267
"3751",191,80,608,"EUROPE",21,"West","Male",0.418848167539267
"3771",170,67,1335,"ASIA",22,"East","Male",0.394117647058824
"3777",180,74,936,"EUROPE",18,"West","Male",0.411111111111111
"3780",188,83,59,"EUROPE",29,"West","Male",0.441489361702128
"3781",188,85,1553,"ASIA",23,"East","Male",0.452127659574468
"3783",178,66,1580,"OCEANIA",20,"West","Male",0.370786516853933
"3787",175,77,869,"EUROPE",21,"West","Male",0.44
"3788",188,84,327,"EUROPE",20,"West","Male",0.446808510638298
"3795",185,74,344,"EUROPE",19,"West","Male",0.4
"3802",187,77,582,"EUROPE",19,"West","Male",0.411764705882353
"3807",185,80,1639,"NORTHERN_AMERICA",20,"West","Male",0.432432432432432
"3808",185,84,953,"NORTHERN_AMERICA",24,"West","Male",0.454054054054054
"3817",182,68,1333,"NORTHERN_AMERICA",15,"West","Male",0.373626373626374
"3820",167,72,219,"EUROPE",22,"West","Male",0.431137724550898
"3831",190,84,1648,"NORTHERN_AMERICA",24,"West","Male",0.442105263157895
"3834",190,88,1051,"EUROPE",18,"West","Male",0.463157894736842
"3838",180,73,1640,"OCEANIA",20,"West","Male",0.405555555555556
"3843",193,86,1027,"EUROPE",16,"West","Male",0.44559585492228
"3848",190,90,214,"OCEANIA",25,"West","Male",0.473684210526316
"3850",177,70,59,"EUROPE",27,"West","Male",0.395480225988701
"3856",185,86,1639,"EUROPE",19,"West","Male",0.464864864864865
"3857",180,74,1428,"ASIA",24,"East","Male",0.411111111111111
"3865",185,77,222,"EUROPE",23,"West","Male",0.416216216216216
"3869",170,65,1464,"ASIA",21,"East","Male",0.382352941176471
"3870",168,67,1088,"ASIA",22,"East","Male",0.398809523809524
"3879",188,82,536,"EUROPE",23,"West","Male",0.436170212765957
"3884",175,80,410,"EUROPE",21,"West","Male",0.457142857142857
"3891",180,76,211,"EUROPE",26,"West","Male",0.422222222222222
"3900",178,70,1323,"EUROPE",23,"West","Male",0.393258426966292
"3905",185,69,1639,"ASIA",18,"East","Male",0.372972972972973
"3911",198,90,912,"ASIA",21,"East","Male",0.454545454545455
"3913",180,75,825,"EUROPE",29,"West","Male",0.416666666666667
"3923",188,76,1678,"EUROPE",20,"West","Male",0.404255319148936
"3934",183,85,1298,"ASIA",16,"East","Male",0.46448087431694
"3940",191,82,334,"EUROPE",22,"West","Male",0.429319371727749
"3945",193,77,188,"EUROPE",26,"West","Male",0.398963730569948
"3949",177,70,1686,"NORTHERN_AMERICA",19,"West","Male",0.395480225988701
"3951",185,84,344,"EUROPE",24,"West","Male",0.454054054054054
"3954",185,70,335,"ASIA",24,"East","Male",0.378378378378378
"3957",178,75,1663,"EUROPE",17,"West","Male",0.421348314606742
"3967",191,82,1293,"EUROPE",19,"West","Male",0.429319371727749
"3968",180,73,1258,"NORTHERN_AMERICA",19,"West","Male",0.405555555555556
"3975",178,79,1349,"EUROPE",29,"West","Male",0.443820224719101
"3976",191,85,497,"EUROPE",31,"West","Male",0.445026178010471
"3980",180,68,955,"EUROPE",22,"West","Male",0.377777777777778
"3982",188,85,671,"ASIA",21,"East","Male",0.452127659574468
"3985",183,81,1572,"EUROPE",19,"West","Male",0.442622950819672
"3990",183,72,654,"EUROPE",21,"West","Male",0.39344262295082
"3991",178,73,79,"EUROPE",27,"West","Male",0.410112359550562
"3998",188,82,937,"EUROPE",26,"West","Male",0.436170212765957
"4005",175,73,598,"EUROPE",21,"West","Male",0.417142857142857
"4011",157,67,973,"EUROPE",20,"West","Male",0.426751592356688
"4015",175,68,1099,"ASIA",19,"East","Male",0.388571428571429
"4027",183,78,123,"EUROPE",27,"West","Male",0.426229508196721
"4033",185,75,75,"EUROPE",27,"West","Male",0.405405405405405
"4036",185,82,882,"EUROPE",21,"West","Male",0.443243243243243
"4037",191,89,940,"EUROPE",20,"West","Male",0.465968586387435
"4042",180,78,1124,"OCEANIA",19,"West","Male",0.433333333333333
"4047",178,65,740,"EUROPE",20,"West","Male",0.365168539325843
"4049",183,70,1600,"EUROPE",18,"West","Male",0.382513661202186
"4054",170,70,758,"ASIA",25,"East","Male",0.411764705882353
"4065",188,82,901,"NORTHERN_AMERICA",23,"West","Male",0.436170212765957
"4067",180,68,791,"ASIA",20,"East","Male",0.377777777777778
"4070",185,76,1464,"NORTHERN_AMERICA",19,"West","Male",0.410810810810811
"4075",165,66,908,"ASIA",24,"East","Male",0.4
"4078",188,80,790,"EUROPE",25,"West","Male",0.425531914893617
"4093",185,82,961,"EUROPE",21,"West","Male",0.443243243243243
"4094",180,71,296,"EUROPE",27,"West","Male",0.394444444444444
"4099",185,72,1692,"ASIA",25,"East","Male",0.389189189189189
"4101",180,76,1219,"NORTHERN_AMERICA",20,"West","Male",0.422222222222222
"4114",183,69,324,"EUROPE",24,"West","Male",0.377049180327869
"4120",185,77,1218,"NORTHERN_AMERICA",27,"West","Male",0.416216216216216
"4144",191,90,1355,"EUROPE",23,"West","Male",0.471204188481675
"4146",173,70,1307,"ASIA",20,"East","Male",0.404624277456647
"4154",180,78,590,"EUROPE",28,"West","Male",0.433333333333333
"4157",178,73,1271,"NORTHERN_AMERICA",22,"West","Male",0.410112359550562
"4158",188,82,1117,"EUROPE",23,"West","Male",0.436170212765957
"4161",193,78,371,"EUROPE",24,"West","Male",0.404145077720207
"4162",191,77,696,"NORTHERN_AMERICA",24,"West","Male",0.403141361256544
"4164",193,83,532,"NORTHERN_AMERICA",24,"West","Male",0.430051813471503
"4165",185,81,980,"NORTHERN_AMERICA",23,"West","Male",0.437837837837838
"4168",177,70,1748,"EUROPE",19,"West","Male",0.395480225988701
"4175",185,76,1505,"ASIA",21,"East","Male",0.410810810810811
"4177",193,87,214,"EUROPE",25,"West","Male",0.450777202072539
"4181",175,70,1346,"EUROPE",21,"West","Male",0.4
"4182",188,80,924,"EUROPE",22,"West","Male",0.425531914893617
"4183",198,88,454,"EUROPE",23,"West","Male",0.444444444444444
"4185",185,87,1316,"EUROPE",21,"West","Male",0.47027027027027
"4189",193,85,481,"EUROPE",20,"West","Male",0.440414507772021
"4190",178,85,350,"EUROPE",26,"West","Male",0.47752808988764
"4198",183,80,1654,"EUROPE",23,"West","Male",0.437158469945355
"4203",168,62,1497,"ASIA",23,"East","Male",0.369047619047619
"4207",187,76,825,"EUROPE",18,"West","Male",0.406417112299465
"4211",172,69,1715,"ASIA",18,"East","Male",0.401162790697674
"4214",198,84,806,"NORTHERN_AMERICA",23,"West","Male",0.424242424242424
"4224",185,80,970,"EUROPE",19,"West","Male",0.432432432432432
"4231",183,75,661,"EUROPE",23,"West","Male",0.409836065573771
"4235",180,72,1401,"OCEANIA",21,"West","Male",0.4
"4237",168,70,1513,"OCEANIA",21,"West","Male",0.416666666666667
"4238",188,84,985,"NORTHERN_AMERICA",20,"West","Male",0.446808510638298
"4240",183,60,801,"EUROPE",20,"West","Male",0.327868852459016
"4244",198,86,408,"NORTHERN_AMERICA",24,"West","Male",0.434343434343434
"4252",190,76,1245,"EUROPE",20,"West","Male",0.4
"4257",175,70,1792,"ASIA",22,"East","Male",0.4
"4272",196,85,1324,"EUROPE",19,"West","Male",0.433673469387755
"4277",178,78,1127,"EUROPE",23,"West","Male",0.438202247191011
"4284",178,75,752,"EUROPE",22,"West","Male",0.421348314606742
"4305",180,78,746,"ASIA",26,"East","Male",0.433333333333333
"4324",191,87,901,"EUROPE",20,"West","Male",0.455497382198953
"4325",191,74,1023,"ASIA",22,"East","Male",0.387434554973822
"4326",175,70,1570,"ASIA",18,"East","Male",0.4
"4327",175,76,1594,"ASIA",21,"East","Male",0.434285714285714
"4344",182,82,393,"EUROPE",21,"West","Male",0.450549450549451
"4348",193,82,655,"EUROPE",26,"West","Male",0.424870466321244
"4356",175,70,1238,"ASIA",18,"East","Male",0.4
"4374",190,74,1355,"NORTHERN_AMERICA",19,"West","Male",0.389473684210526
"4377",188,80,863,"NORTHERN_AMERICA",23,"West","Male",0.425531914893617
"4380",187,74,1791,"OCEANIA",18,"West","Male",0.39572192513369
"4383",180,77,1639,"ASIA",26,"East","Male",0.427777777777778
"4386",177,72,912,"EUROPE",19,"West","Male",0.406779661016949
"4411",188,80,1200,"NORTHERN_AMERICA",31,"West","Male",0.425531914893617
"4412",203,85,748,"ASIA",21,"East","Male",0.41871921182266
"4414",191,83,934,"EUROPE",21,"West","Male",0.43455497382199
"4416",188,85,694,"EUROPE",23,"West","Male",0.452127659574468
"4429",180,72,491,"EUROPE",23,"West","Male",0.4
"4435",170,55,971,"ASIA",29,"East","Male",0.323529411764706
"4437",170,71,1119,"EUROPE",21,"West","Male",0.417647058823529
"4442",170,73,797,"NORTHERN_AMERICA",23,"West","Male",0.429411764705882
"4443",177,74,1692,"EUROPE",20,"West","Male",0.418079096045198
"4450",183,100,1524,"NORTHERN_AMERICA",27,"West","Male",0.546448087431694
"4456",185,78,503,"EUROPE",24,"West","Male",0.421621621621622
"4459",177,73,1837,"ASIA",20,"East","Male",0.412429378531073
"4460",193,80,814,"EUROPE",30,"West","Male",0.414507772020725
"4463",193,66,1558,"ASIA",17,"East","Male",0.341968911917098
"4466",191,81,1527,"OCEANIA",21,"West","Male",0.424083769633508
"4470",183,81,612,"EUROPE",27,"West","Male",0.442622950819672
"4480",185,77,657,"NORTHERN_AMERICA",24,"West","Male",0.416216216216216
"4497",183,70,1059,"EUROPE",18,"West","Male",0.382513661202186
"4500",180,78,1520,"OCEANIA",29,"West","Male",0.433333333333333
"4502",196,84,1378,"OCEANIA",18,"West","Male",0.428571428571429
"4511",170,70,899,"OCEANIA",21,"West","Male",0.411764705882353
"4513",180,74,1169,"EUROPE",22,"West","Male",0.411111111111111
"4514",183,70,1203,"ASIA",20,"East","Male",0.382513661202186
"4515",178,75,945,"ASIA",24,"East","Male",0.421348314606742
"4535",196,88,1464,"ASIA",18,"East","Male",0.448979591836735
"4538",193,82,1400,"EUROPE",19,"West","Male",0.424870466321244
"4541",185,84,1743,"EUROPE",19,"West","Male",0.454054054054054
"4544",178,77,237,"EUROPE",23,"West","Male",0.432584269662921
"4545",185,80,1316,"ASIA",18,"East","Male",0.432432432432432
"4546",175,73,1789,"NORTHERN_AMERICA",16,"West","Male",0.417142857142857
"4547",188,79,650,"ASIA",23,"East","Male",0.420212765957447
"4551",185,80,1251,"EUROPE",20,"West","Male",0.432432432432432
"4555",175,70,826,"EUROPE",20,"West","Male",0.4
"4560",185,80,656,"EUROPE",22,"West","Male",0.432432432432432
"4574",183,73,751,"NORTHERN_AMERICA",21,"West","Male",0.398907103825137
"4576",175,60,816,"ASIA",19,"East","Male",0.342857142857143
"4578",183,84,1361,"NORTHERN_AMERICA",23,"West","Male",0.459016393442623
"4579",175,68,1057,"ASIA",19,"East","Male",0.388571428571429
"4582",188,80,1184,"EUROPE",23,"West","Male",0.425531914893617
"4587",183,75,708,"EUROPE",24,"West","Male",0.409836065573771
"4599",182,97,1224,"EUROPE",21,"West","Male",0.532967032967033
"4605",175,68,1035,"EUROPE",21,"West","Male",0.388571428571429
"4619",183,75,1227,"EUROPE",20,"West","Male",0.409836065573771
"4624",193,85,1469,"EUROPE",18,"West","Male",0.440414507772021
"4625",188,74,917,"EUROPE",20,"West","Male",0.393617021276596
"4628",175,68,1441,"EUROPE",23,"West","Male",0.388571428571429
"4629",198,82,1956,"NORTHERN_AMERICA",17,"West","Male",0.414141414141414
"4639",193,82,1008,"NORTHERN_AMERICA",20,"West","Male",0.424870466321244
"4644",175,66,891,"EUROPE",20,"West","Male",0.377142857142857
"4646",188,79,1748,"EUROPE",20,"West","Male",0.420212765957447
"4650",180,75,945,"EUROPE",18,"West","Male",0.416666666666667
"4654",196,82,1643,"NORTHERN_AMERICA",20,"West","Male",0.418367346938776
"4656",185,80,1866,"NORTHERN_AMERICA",19,"West","Male",0.432432432432432
"4660",175,72,644,"EUROPE",20,"West","Male",0.411428571428571
"4661",178,75,1018,"EUROPE",20,"West","Male",0.421348314606742
"4662",180,71,1745,"OCEANIA",23,"West","Male",0.394444444444444
"4663",185,80,1517,"EUROPE",20,"West","Male",0.432432432432432
"4669",183,76,525,"EUROPE",21,"West","Male",0.415300546448087
"4679",183,80,781,"EUROPE",23,"West","Male",0.437158469945355
